psu,strata_id,Location.name.in.English,Location.name.in.Arabic,COD_Subdistrict,COD_District,COD_Governorate,Latitude,Longitude,SumDist,proba,num_households,num_surveys
106,Zakho,Al-Amen,حي الامين,Markaz Zakho,Zakho,Duhok,37.06,42.38,1304,0.901840491,1176,64
23792,Al-Kaim,Al Angaa,حي العنقاء,Al-Karabla,Al-Kaim,Al-Anbar,34.38025462,41.05022726,15084,0.062582869,944,12
18349,Al-Baaj,Al-Yarmuk,حي اليرموك,Markaz Al-Baaj,Al-Baaj,Ninewa,36.044635,41.720289,6162,0.05712431,352,6
34013,Al-Baaj,Al Askari,العسكري,Markaz Al-Baaj,Al-Baaj,Ninewa,36.038799,41.718269,6162,0.03002272,185,6
34069,Al-Baaj,Al-sahlan,السحلان,Markaz Al-Baaj,Al-Baaj,Ninewa,36.054272,41.391497,6162,0.008114249,50,6
34011,Al-Baaj,Al-Thawra,حي الثوره,Markaz Al-Baaj,Al-Baaj,Ninewa,36.038552,41.711969,6162,0.104024667,641,6
34090,Al-Baaj,Al-khader,الخضر,Markaz Al-Baaj,Al-Baaj,Ninewa,36.056533,41.696036,6162,0.003732554,23,6
17131,Al-Hamdaniya,Bartalla center,مركز ناحية برطله,Bartilla,Al-Hamdaniya,Ninewa,36.353862,43.38319564,29874,0.137243088,4100,24
22214,Al-Hamdaniya,Muafaqiyah village,قرية الموفقيه,Bartilla,Al-Hamdaniya,Ninewa,36.357627,43.32886537,29874,0.028954944,865,6
17903,Al-Hamdaniya,Al-Salamiyah Village,قرية السلامية,Namroud,Al-Hamdaniya,Ninewa,36.14467202,43.31096659,29874,0.00451898,135,6
29613,Al-Hamdaniya,Tal Al-Laban,تل اللبن,Markaz Al-Hamdaniya,Al-Hamdaniya,Ninewa,36.20844,43.53488145,29874,0.018912767,565,6
17386,Al-Hamdaniya,Blawat Village,قرية بلاوات ,Namroud,Al-Hamdaniya,Ninewa,36.227551,43.41814873,29874,0.007364263,220,6
17373,Al-Hamdaniya,Mnara Shabak Village,قرية مناره الشبك,Bartilla,Al-Hamdaniya,Ninewa,36.314426,43.3300402,29874,0.033473924,1000,6
21939,Al-Hamdaniya,Shaquli village,قرية شاقولي,Bartilla,Al-Hamdaniya,Ninewa,36.321536,43.44990978,29874,0.021657629,647,6
17399,Al-Hamdaniya,Jlewkhan village,قرية جليوخان,Bartilla,Al-Hamdaniya,Ninewa,36.288059,43.2428429,29874,0.013088304,391,12
22216,Al-Hamdaniya,Shiek Ameer Village,قرية شيخ امير ,Markaz Al-Hamdaniya,Al-Hamdaniya,Ninewa,36.318867,43.47387555,29874,0.005556671,166,6
17376,Al-Hamdaniya,Kabarly Village,قرية كبرلي ,Markaz Al-Hamdaniya,Al-Hamdaniya,Ninewa,36.242985,43.44905944,29874,0.031331593,936,6
22433,Al-Hamdaniya,Knehash 2 Village,قرية كنهش الصغير,Namroud,Al-Hamdaniya,Ninewa,36.060894,43.474475,29874,0.001941488,58,6
23699,Al-Hamdaniya,Khazna Tappa,خزنة تبة,Bartilla,Al-Hamdaniya,Ninewa,36.363317,43.35960454,29874,0.050210886,1500,6
17930,Al-Hamdaniya,Tahrawa Village,قرية طهراوة,Bartilla,Al-Hamdaniya,Ninewa,36.343993,43.3264564,29874,0.025908817,774,6
18267,Al-Shikhan,Taq Harb,قرية طاق حرب,Markaz Al-Shikhan,Al-Shikhan,Ninewa,36.585999,43.30133748,299,0.02006689,6,3
21648,Al-Shikhan,Taq Mekail,قرية طاق ميكائيل,Markaz Al-Shikhan,Al-Shikhan,Ninewa,36.573488,43.30365621,299,0.08361204,25,4
17875,Al-Shikhan,Nargizlia Village,قرية نركزلية,Markaz Al-Shikhan,Al-Shikhan,Ninewa,36.602573,43.27893045,299,0.153846154,46,10
17051,Al-Shikhan,Big Rikaba Village,قرية ركابة كبيرة,Markaz Al-Shikhan,Al-Shikhan,Ninewa,36.565376,43.25221304,299,0.086956522,26,10
17049,Al-Shikhan,Small Rikaba Village,قرية ركابة صغيرة,Markaz Al-Shikhan,Al-Shikhan,Ninewa,36.567179,43.23635996,299,0.210702341,63,21
17045,Al-Shikhan,Sheikh Milwan Village,قرية شيخ ملوان,Markaz Al-Shikhan,Al-Shikhan,Ninewa,36.583357,43.24351923,299,0.334448161,100,12
33774,Al-Hatra,Estielah Village,قرية اسطيلة,Markaz Hatra,Al-Hatra,Ninewa,35.807841,43.053191,7566,0.006344171,48,6
33859,Al-Hatra,Abu sanam wasataa Village,قرية ابو سنام وسطى,Markaz Hatra,Al-Hatra,Ninewa,36.1764,42.322414,7566,0.015860428,120,6
22606,Al-Falluja,Albu Shejel,البوشجل,Markaz Al-Falluja,Al-Falluja,Al-Anbar,33.39894123,43.63390187,94177,0.012529599,1180,12
27271,Al-Hatra,Tal abta,تل عبطة,Markaz Hatra,Al-Hatra,Ninewa,35.94612983,42.5718261,7566,0.317208565,2400,48
33991,Al-Hatra,Easilah algharbia,قرية اعسيلة  الغربية ,Markaz Hatra,Al-Hatra,Ninewa,35.8246,42.9021,7566,0.010044938,76,6
33728,Al-Hatra,Majmae khams talul,قرية مجمع خمس تلول,Markaz Hatra,Al-Hatra,Ninewa,35.85746,42.21516,7566,0.006608512,50,6
318,Al-Falluja,Albu Khanfar,البوخنفر ,Al-Garma,Al-Falluja,Al-Anbar,33.44080496,43.82623441,94177,0.023530161,2216,6
33393,Al-Hatra,Ashwa village,قرية اشوا,Markaz Hatra,Al-Hatra,Ninewa,36.005233,42.35309117,7566,0.039915411,302,6
33193,Al-Hatra,Mreka Village,قرية مريكة,Markaz Hatra,Al-Hatra,Ninewa,35.854687,42.894362,7566,0.003568596,27,6
17126,Al-Hatra,Markaz AL-Hatra,مركز الحضر,Markaz Hatra,Al-Hatra,Ninewa,35.57722514,42.73185209,7566,0.121596616,920,24
33861,Al-Hatra,Abu sanam janubi iVillage,قرية ابو سنام جنوبي,Markaz Hatra,Al-Hatra,Ninewa,36.162066,42.323913,7566,0.026434047,200,18
33265,Al-Mosul,Al-Nafit,حي النفط,Al-Muhamadath,Al-Mosul,Ninewa,36.317533,43.12389785,167465,0.003564924,597,6
33289,Al-Mosul,Al Sikak,حي السكك,Al-Muhamadath,Al-Mosul,Ninewa,36.34052888,43.08680814,167465,0.005332458,893,6
33257,Al-Mosul,Msherfa 2,مشيرفة 2,Al-Muhamadath,Al-Mosul,Ninewa,36.37883671,43.07380498,167465,0.005625056,942,6
277,Al-Kaim,Hay Al-Maamon,حي المامون,Al-Rummaneh,Al-Kaim,Al-Anbar,34.39362133,41.000431,15084,0.090426942,1364,12
21201,Al-Falluja,Albu Shihab,البوشهاب,Markaz Al-Falluja,Al-Falluja,Al-Anbar,33.39917258,43.58249848,94177,0.011234165,1058,6
33252,Al-Mosul,Al-Sinaa Al-Qadema,الصناعة القديمة,Al-Muhamadath,Al-Mosul,Ninewa,36.33732899,43.10615109,167465,0.008067357,1351,6
33404,Tilkaef,AL-sheek Maaroof village,قرية الشيخ معروف,Markaz Tilkaef,Tilkaef,Ninewa,36.384447,42.99617734,20512,0.002193838,45,6
33342,Al-Falluja,Hay Jbeal,حي جبيل,Markaz Al-Falluja,Al-Falluja,Al-Anbar,33.32421,43.77623968,94177,0.033288383,3135,6
31775,Al-Mosul,Al-Areej Village,قرية العريج,Hammam Al-Alil,Al-Mosul,Ninewa,36.19146914,43.20713996,167465,0.017914191,3000,6
33174,Tilkaef,Tel Al-raes Al-thania Village,قرية تل الريس الثانية,Markaz Tilkaef,Tilkaef,Ninewa,36.412192,42.96872791,20512,0.058648596,1203,18
18367,Al-Mosul,Al-Yarmuk,حي اليرموك,Al-Muhamadath,Al-Mosul,Ninewa,36.33808679,43.08332718,167465,0.014134297,2367,6
31912,Al-Mosul,Bahzani,بحزاني ,Bashiqa,Al-Mosul,Ninewa,36.457312,43.33830961,167465,0.01970561,3300,12
23811,Haditha,Hay Barwanah Al Gharbiyah,حي بروانه غربيه,Barwana,Haditha,Al-Anbar,34.09547956,42.38043973,4525,0.04640884,210,12
24315,Haditha,Hay Al Rahman,حي الرحمن,Barwana,Haditha,Al-Anbar,34.08711253,42.376353,4525,0.057458564,260,12
21007,Al-Mosul,Zanjili,الزنجيلي,Al-Muhamadath,Al-Mosul,Ninewa,36.34975751,43.11049303,167465,0.021126803,3538,6
23812,Haditha,Hay Ibn Bittar,حي ابن بيطار,Barwana,Haditha,Al-Anbar,34.08381752,42.38563715,4525,0.048618785,220,6
21258,Al-Mosul,Tal Al-Rumman,تل الرمان,Al-Muhamadath,Al-Mosul,Ninewa,36.31561638,43.08996264,167465,0.016504941,2764,12
18372,Al-Mosul,Al-Wahda,الوحدة,Al-Muhamadath,Al-Mosul,Ninewa,36.32498049,43.18981081,167465,0.013871555,2323,6
33820,Haditha,Hay Al_salam,حي السلام,Barwana,Haditha,Al-Anbar,34.0898,42.38123,4525,0.03160221,143,6
21580,Al-Mosul,Orta akrab Village,قرية اورطه خراب,Bashiqa,Al-Mosul,Ninewa,36.422829,43.23208311,167465,0.00324844,544,6
23813,Haditha,Hay Al Shuhadaa,حي الشهداء,Barwana,Haditha,Al-Anbar,34.09260433,42.397337,4525,0.025414365,115,6
18369,Al-Mosul,Al-Khadraa,الخضراء,Al-Muhamadath,Al-Mosul,Ninewa,36.35689079,43.2227368,167465,0.004878631,817,6
272,Al-Kaim,Hay 12 Rabee Alawal,حي 12ربيع الاول,Al-Rummaneh,Al-Kaim,Al-Anbar,34.39208833,40.98504599,15084,0.040705383,614,6
79,Haditha,Hay Al-Subhani,حي السبحاني,Barwana,Haditha,Al-Anbar,34.11291371,42.38267137,4525,0.032044199,145,6
18009,Al-Mosul,Mjareen Village,قرية مجارين,Al-Muhamadath,Al-Mosul,Ninewa,36.35986,42.71071761,167465,0.007165676,1200,6
20782,Al-Mosul,Al-Muharibeen,المحاربين,Al-Muhamadath,Al-Mosul,Ninewa,36.38366231,43.19343104,167465,0.00294987,494,6
27285,Sinjar,Borek,بورك,Al-Shamal,Sinjar,Ninewa,36.49436739,41.86820613,12041,0.159704343,1923,6
33655,Sinjar,Kani Edo,كاني عيدو      ,Markaz Sinjar,Sinjar,Ninewa,36.3013473,41.8505089,12041,0.001079645,13,12
34036,Sinjar,Hay Al Shafaa,حي الشفاء,Al-Qairawan,Sinjar,Ninewa,36.15406,42.039688,12041,0.0098829,119,6
27399,Sinjar,Sharaf Alddin,شرف الدين,Al-Shamal,Sinjar,Ninewa,36.42984078,41.86808233,12041,0.013287933,160,6
33998,Sinjar,Hazeel Al-Kabeer Village,قرية هزيل الكبير,Al-Qairawan,Sinjar,Ninewa,36.154129,42.052066,12041,0.011377793,137,6
34038,Sinjar,Hay Al Mamoon,حي المأمون,Al-Qairawan,Sinjar,Ninewa,36.16286,42.034429,12041,0.032389336,390,6
18048,Sinjar,Guhbal and shorka,كهبل +شوركا  ,Al-Shamal,Sinjar,Ninewa,36.50572952,41.95736199,12041,0.053982227,650,6
27358,Sinjar,Kolka,كولكا,Al-Shamal,Sinjar,Ninewa,36.37152891,41.72511078,12041,0.006727016,81,12
33651,Sinjar,Zaytoniya,زيتونية,Markaz Sinjar,Sinjar,Ninewa,36.3069755,41.8797018,12041,0.003571132,43,6
24117,Haditha,Haqlaniyah-Hay Al-Faroq,حي الفاروق-حقلانية,Al-Haqlaniya,Haditha,Al-Anbar,34.08341069,42.35196982,4525,0.011049724,50,6
33873,Sinjar,Sibaya harrush,سيباية حروش,Al-Qairawan,Sinjar,Ninewa,36.227443,42.124177,12041,0.003737231,45,12
23274,Sinjar,Hay Alqadseya,حي القادسية,Markaz Sinjar,Sinjar,Ninewa,36.32342149,41.87365479,12041,0.007391413,89,6
23820,Haditha,Hay K 28,مجمع ك 28 (( كي ثري )),Al-Haqlaniya,Haditha,Al-Anbar,34.07182393,42.36524882,4525,0.083977901,380,6
27287,Sinjar,Zorava and zirwa,زورافا+زيروا ,Al-Shamal,Sinjar,Ninewa,36.47246728,42.01588827,12041,0.060709243,731,6
17928,Sinjar,Sinuni center,مركز سنوني,Al-Shamal,Sinjar,Ninewa,36.46593984,41.71338533,12041,0.084793622,1021,6
18016,Sinjar,Golat,كولات,Markaz Sinjar,Sinjar,Ninewa,36.4036,42.12902345,12041,0.029399552,354,6
17617,Telafar,Qasr Sarij,قرية قسرصريج,Al-Ayadiya,Telafar,Ninewa,36.55342282,42.51140824,57839,0.015560435,900,6
23817,Haditha,Hay Al Shay,حي الشاعي,Barwana,Haditha,Al-Anbar,34.12659465,42.39245154,4525,0.047292818,214,12
25807,Telafar,Hay althahabe,الحي الذهبي,Rabia,Telafar,Ninewa,36.80170925,42.09458755,57839,0.003596189,208,6
23822,Haditha,Albu Hayat,قرية البوحياة,Al-Haqlaniya,Haditha,Al-Anbar,34.006133,42.38533008,4525,0.06718232,304,12
24109,Haditha,Barwanah-Hay Al-Shurta,حي الشرطة-بروانه,Barwana,Haditha,Al-Anbar,34.09212563,42.39748965,4525,0.129723757,587,24
27304,Telafar,Kharabat Ashiq,قرية خرابت عاشق,Zummar,Telafar,Ninewa,36.75874864,42.45894678,57839,0.016649665,963,12
23648,Telafar,Sahilah Village,سحيله,Zummar,Telafar,Ninewa,37.0132505,42.34194814,57839,0.00302564,175,6
17625,Telafar,Eayan Alturs,قرية عين الفرس,Zummar,Telafar,Ninewa,36.7393,42.53539788,57839,0.005273259,305,6
34048,Telafar,Hay Al Noor Al Thania,حي النور الثانية ,Markaz Telafar,Telafar,Ninewa,36.377547,42.464541,57839,0.012154429,703,6
21264,Heet,Basair,البصائر ,Markaz Heet,Heet,Al-Anbar,33.6499489,42.80809027,29284,0.046988116,1376,12
28439,Telafar,Tal Talab vilage,قرية تل طلب,Rabia,Telafar,Ninewa,36.74584971,42.20245753,57839,0.00191912,111,6
18302,Telafar,Hay Al wahda,حي الوحدة,Markaz Telafar,Telafar,Ninewa,36.37497,42.4282364,57839,0.039852003,2305,6
33212,Telafar,Humur Eafin,قرية حمر عفين,Zummar,Telafar,Ninewa,36.7515,42.59057091,57839,0.000224762,13,6
66,Al-Kaim,Sadah,قرية سعده,Al-Karabla,Al-Kaim,Al-Anbar,34.36995574,41.09281041,15084,0.049721559,750,6
22446,Telafar,Al Mafri,قرية مفري,Zummar,Telafar,Ninewa,36.60934422,42.57199697,57839,0.007347983,425,6
33420,Telafar,Hay Al Zahraa,حي الزهراء,Markaz Telafar,Telafar,Ninewa,36.379492,42.4255152,57839,0.015387541,890,6
25944,Telafar,Qasabat Zummar,قصبة زمار,Zummar,Telafar,Ninewa,36.65599757,42.59801338,57839,0.071750895,4150,18
25809,Telafar,Domez complex,مجمع دوميز,Zummar,Telafar,Ninewa,36.71204681,42.61461067,57839,0.011272671,652,6
27356,Telafar,Tel shor,قرية تل الشور,Rabia,Telafar,Ninewa,36.49949129,42.14103331,57839,0.001988278,115,6
21603,Tilkaef,Baawiza,بعويزة,Markaz Tilkaef,Tilkaef,Ninewa,36.43356032,43.15578703,20512,0.045339314,930,12
17949,Tilkaef,Derston,دير ستون ,Al-Qosh,Tilkaef,Ninewa,36.67726055,43.01571448,20512,0.012187988,250,6
33445,Tilkaef,Ammar Bet Village,قرية عمار بيت,Wana,Tilkaef,Ninewa,36.5346,42.95195506,20512,0.00999415,205,6
24682,Tilkaef,Al Quba,القبة,Markaz Tilkaef,Tilkaef,Ninewa,36.40208884,43.04396592,20512,0.17550702,3600,12
17133,Tilkaef,wanna center,مركز وانة,Wana,Tilkaef,Ninewa,36.53558507,42.75997942,20512,0.091409906,1875,6
33541,Al-Shikhan,Shwedeg Sagheer,شويدج صغير,Markaz Al-Shikhan,Al-Shikhan,Ninewa,36.564837,43.217469,299,0.110367893,33,4
17602,Tilkaef,Kany-Sheren,كاني شيرين,Markaz Tilkaef,Tilkaef,Ninewa,36.564261,43.032031,20512,0.010725429,220,6
17600,Tilkaef,Hasan-Galad,قرية حسن جلاد,Markaz Tilkaef,Tilkaef,Ninewa,36.530579,43.00519903,20512,0.007897816,162,6
21601,Tilkaef,Sada Area,منطقة السادة,Markaz Tilkaef,Tilkaef,Ninewa,36.42253923,43.15926051,20512,0.07824688,1605,6
23415,Tilkaef,Semehla,قرية سيمحلة,Wana,Tilkaef,Ninewa,36.578664,42.93158469,20512,0.006971529,143,6
21605,Tilkaef,Musqalat Al-Shamalih,مسقلاط الشمالية,Markaz Tilkaef,Tilkaef,Ninewa,36.5917828,43.0416133,20512,0.006825273,140,6
17788,Tilkaef,Der Umtutha,قرية ديرام توثة,Wana,Tilkaef,Ninewa,36.50545966,42.78384651,20512,0.024375975,500,6
26077,Al-Daur,Hay Tal Al Banat,حي تل البنات,Abu Dalf,Al-Daur,Salah Al-Din,34.4476367,43.79889497,10081,0.120920544,1219,6
20587,Al-Daur,Hay Abu Dalaf,حي ابو دلف,Abu Dalf,Al-Daur,Salah Al-Din,34.45569217,43.79879331,10081,0.147306815,1485,24
26078,Al-Daur,Hay Al Askri,حي العسكري,Abu Dalf,Al-Daur,Salah Al-Din,34.46264848,43.79113717,10081,0.082432298,831,12
152,Heet,Al Muhamdee,المحمدي ,Al-Forat,Heet,Al-Anbar,33.55951649,42.90148478,29284,0.022333015,654,6
26116,Al-Daur,Al Mujammaa Al Sakani,المجمع السكني,Abu Dalf,Al-Daur,Salah Al-Din,34.4093972,43.78942745,10081,0.280329332,2826,36
20746,Al-Daur,Al-Khadhra area,حي الخضراء,Abu Dalf,Al-Daur,Salah Al-Din,34.47699,43.79037775,10081,0.063188176,637,6
20713,Al-Daur,Hay Al Qadisiah,حي القادسية,Abu Dalf,Al-Daur,Salah Al-Din,34.473313,43.79133138,10081,0.074198988,748,6
26080,Al-Daur,Hay Al Sharqiyah,حي الشرقية,Abu Dalf,Al-Daur,Salah Al-Din,34.45350793,43.78909198,10081,0.058129154,586,12
26079,Al-Daur,Hay Al Aboor,حي العبور,Abu Dalf,Al-Daur,Salah Al-Din,34.4652675,43.79065796,10081,0.090268823,910,6
26082,Al-Daur,Hay Al Mahad,حي المعهد,Abu Dalf,Al-Daur,Salah Al-Din,34.45656032,43.80569889,10081,0.034718778,350,6
26081,Al-Daur,Al Asriyah village,القرية العصرية,Abu Dalf,Al-Daur,Salah Al-Din,34.46089339,43.84198922,10081,0.025096717,253,6
28420,Balad,Albo Fadaus Village,قرية البوفدعوس,Al-Dujeel,Balad,Salah Al-Din,33.86874825,44.355067,13022,0.040393181,526,6
25947,Balad,Bezna Village,قرية بزنة,Yathreb,Balad,Salah Al-Din,33.90924349,44.18353,13022,0.041698664,543,6
33790,Balad,Al-Shehabbi Village,قرية الشهابي,Yathreb,Balad,Salah Al-Din,33.966393,44.30386,13022,0.030640455,399,6
33124,Beygee,Al-Salman village,قرية السلمان,Makkhoul,Beygee,Salah Al-Din,35.33025,43.26614918,22815,0.0458032,1045,6
20613,Al-Shirqat,Sudayrah Tak Tak Village,قرية سديره طك طك,Markaz Al-Shirqat,Al-Shirqat,Salah Al-Din,35.45198,43.29188179,22839,0.045930207,1049,6
33126,Al-Shirqat,Al-Sheekh Hamad Village,قرية الشيخ حمد,Markaz Al-Shirqat,Al-Shirqat,Salah Al-Din,35.560374,43.27774764,22839,0.039712772,907,6
21955,Al-Shirqat,Hay Al-Khasim Al-Qadem village,قرية الخصم القديمة,Markaz Al-Shirqat,Al-Shirqat,Salah Al-Din,35.4860996,43.24136451,22839,0.033276413,760,6
20588,Al-Shirqat,Sudayrah Sufla Village,قرية سديره سفلى,Markaz Al-Shirqat,Al-Shirqat,Salah Al-Din,35.466904,43.29417902,22839,0.037698673,861,6
21347,Al-Shirqat,Al-Musehly Village,قرية المسيحلي,Markaz Al-Shirqat,Al-Shirqat,Salah Al-Din,35.40670733,43.20443065,22839,0.0071807,164,6
21004,Al-Shirqat,Hay Al Askari,الحي العسكري,Markaz Al-Shirqat,Al-Shirqat,Salah Al-Din,35.51588268,43.24014327,22839,0.03914357,894,12
33122,Al-Shirqat,Sudayrah Aulya Village,قرية سديره عليا,Markaz Al-Shirqat,Al-Shirqat,Salah Al-Din,35.443157,43.28802411,22839,0.076448181,1746,6
21002,Al-Shirqat,Al Khanuga village,قرية الخانوكة,Markaz Al-Shirqat,Al-Shirqat,Salah Al-Din,35.39407146,43.2562212,22839,0.008756951,200,6
33402,Al-Shirqat,Shattye Al-Jider village,شاطي الجدر,Markaz Al-Shirqat,Al-Shirqat,Salah Al-Din,35.353168,43.33280417,22839,0.018477166,422,6
21349,Al-Shirqat,Al-Swedan Village,قرية سويدان,Markaz Al-Shirqat,Al-Shirqat,Salah Al-Din,35.62253532,43.24083119,22839,0.019484216,445,6
29655,Al-Shirqat,Hay Tal Baajah,حي تل بعاجة,Markaz Al-Shirqat,Al-Shirqat,Salah Al-Din,35.52689026,43.22822702,22839,0.020097202,459,6
29652,Al-Shirqat,Hay Al-noor,حي النور,Markaz Al-Shirqat,Al-Shirqat,Salah Al-Din,35.49564536,43.240898,22839,0.017294978,395,6
33957,Heet,alrashid,الرشيد,Kubaisa,Heet,Al-Anbar,33.58864,42.62435,29284,0.00659063,193,6
33123,Al-Shirqat,Sudayrah Westa Village,قرية سديره وسطى,Markaz Al-Shirqat,Al-Shirqat,Salah Al-Din,35.430951,43.29735383,22839,0.049301633,1126,12
29654,Al-Shirqat,Hay Al-Baladyat,حي البلديات,Markaz Al-Shirqat,Al-Shirqat,Salah Al-Din,35.53883531,43.22417697,22839,0.014974386,342,6
100,Heet,Abu Tibban,ابوطيبان,Al-Forat,Heet,Al-Anbar,33.52770924,42.94823615,29284,0.039885262,1168,6
33369,Beygee,Hay Altameem,حي التأميم,Al-Synia,Beygee,Salah Al-Din,34.921845,43.48296141,22815,0.027964059,638,6
23388,Beygee,Al Hamra village,قرية الحمرة,Markaz Beygee,Beygee,Salah Al-Din,34.75922381,43.60555224,22815,0.013806706,315,6
22581,Beygee,Hay Tal Al Zatar-mahalla 219,حي تل الزعتر م(15-البندري والاشيطح)محلة,Al-Synia,Beygee,Salah Al-Din,34.93565,43.48967088,22815,0.020118343,459,6
24304,Beygee,Al Mushhaq Village,قرية المسحك,Makkhoul,Beygee,Salah Al-Din,35.185783,43.41311343,22815,0.038658777,882,6
20607,Beygee,Hay Alrisalah,حي الرسالة,Al-Synia,Beygee,Salah Al-Din,34.926822,43.49148764,22815,0.017357002,396,6
33434,Beygee,Sheik Ali village,قرية الشيخ علي,Makkhoul,Beygee,Salah Al-Din,35.1807187,43.29254159,22815,0.018058295,412,6
23647,Al-Kaim,Al Aubaidi Al Qadima,العبيدي القديمة ,Al-Obiadi,Al-Kaim,Al-Anbar,34.42020331,41.20149436,15084,0.039976134,603,12
23435,Beygee,Al-Zweeyah Village,قرية الزوية ,Makkhoul,Beygee,Salah Al-Din,35.2612,43.397525,22815,0.095638834,2182,18
20689,Beygee,Markaz Makhoul,مركز مكحول,Makkhoul,Beygee,Salah Al-Din,35.2027688,43.27791681,22815,0.006662284,152,6
20720,Beygee,AL-Siniya,الصينية,Al-Synia,Beygee,Salah Al-Din,34.930908,43.41288243,22815,0.085864563,1959,12
137,Heet,Saweeb,سويب,Markaz Heet,Heet,Al-Anbar,33.60455112,42.888982,29284,0.009390794,275,6
22813,Beygee,Qaryat Al Sareen,مقاطعة 13 الحجاج والجيسات قرية الصرين,Markaz Beygee,Beygee,Salah Al-Din,34.86225969,43.49558631,22815,0.028490028,650,6
20866,Beygee,Tal abu Jarad area-Mahalla 104,تل أبو جراد محلة 104,Al-Synia,Beygee,Salah Al-Din,34.9316,43.46459206,22815,0.013061582,298,6
24305,Samarra,Al Namel Village,قرية النمل,Dijla,Samarra,Salah Al-Din,34.333402,43.34943202,9844,0.026412028,260,6
33715,Samarra,AL-Zahwer,الزهور,Dijla,Samarra,Salah Al-Din,34.477461,43.47602207,9844,0.011174319,110,6
25742,Balad,Al-Duloeyah-Hay Al Jubor,محلة الجبور الاولى,Al-Duloeyah,Balad,Salah Al-Din,34.03255609,44.23111624,13022,0.029181385,380,6
33954,Heet,jabil,جبيل,Al-Forat,Heet,Al-Anbar,33.56769,42.91487,29284,0.018644994,546,6
20773,Balad,Beshakan village,قرية بيشكان,Al-Duloeyah,Balad,Salah Al-Din,34.03443349,44.28259692,13022,0.039164491,510,12
33437,Balad,Aziz Balad,عزيز بلد,Yathreb,Balad,Salah Al-Din,34.023395,44.166704,13022,0.049685148,647,12
23056,Balad,Jwezerat,قرية جويزرات,Yathreb,Balad,Salah Al-Din,34.043058,44.139455,13022,0.042313009,551,12
20770,Balad,Al-Duloeyah-Hay khazraj,محلة خزرج,Al-Duloeyah,Balad,Salah Al-Din,34.04808189,44.21884053,13022,0.031715558,413,18
29565,Balad,Yathrib sub distrct,ناحية يثرب,Yathreb,Balad,Salah Al-Din,34.028012,44.25703679,13022,0.447857472,5832,30
20767,Balad,Albu Jewari,محلة البو جواري,Al-Duloeyah,Balad,Salah Al-Din,34.06002525,44.21800742,13022,0.03939487,513,6
20673,Samarra,Al-Jillam area,منطقة الجلام,Markaz Samarra,Samarra,Salah Al-Din,34.24088767,43.89312124,9844,0.099857781,983,6
29539,Samarra,Mahalla Makeshfa,محلة مكيشفة,Dijla,Samarra,Salah Al-Din,34.36904718,43.75919988,9844,0.298151158,2935,36
20674,Samarra,Al-Hewaish area,قرية الحويش,Al-Tharthar,Samarra,Salah Al-Din,34.19515165,43.80748367,9844,0.084518488,832,18
20695,Samarra,Al-Abasiya Village,قرية العباسية,Dijla,Samarra,Salah Al-Din,34.30092393,43.78031314,9844,0.049573344,488,18
33608,Samarra,Banat Al-hassan village,قرية بنات الحسن,Al-Muotasim,Samarra,Salah Al-Din,34.148833,43.9495084,9844,0.038602194,380,6
25926,Samarra,Hawi Albsat,مقاطعة 27 حاوى البساط,Markaz Samarra,Samarra,Salah Al-Din,34.26137899,43.87541313,9844,0.051503454,507,18
20752,Samarra,Al_Jazera,مقاطعة 9 الجزيرة(الجزءالجنوبي),Al-Tharthar,Samarra,Salah Al-Din,34.24620221,43.660999,9844,0.238520926,2348,12
21473,Heet,kibae,كباع,Al-Forat,Heet,Al-Anbar,33.53214,43.04051,29284,0.006351591,186,6
25960,Tikrit,Hay Aljamiyaa,حي الجمعية-محله 418,Um Al-Qura,Tikrit,Salah Al-Din,34.59299692,43.67410527,29486,0.039171132,1155,6
20638,Tikrit,Hay Al Dhubbat,حي الضباط,Um Al-Qura,Tikrit,Salah Al-Din,34.63466839,43.6702753,29486,0.02713152,800,6
20666,Tikrit,Uwainat,عوينات,Um Al-Qura,Tikrit,Salah Al-Din,34.47137992,43.73535038,29486,0.020857356,615,6
33824,Heet,Hay AL-zihoor,حي الزهور ,Markaz Heet,Heet,Al-Anbar,33.628441,42.836747,29284,0.017859582,523,6
25922,Tikrit,Qadisya 1 Mahala 214,حي المطاردة(قادسية1)مقاطعة 7-محله 214,Um Al-Qura,Tikrit,Salah Al-Din,34.64578089,43.66608673,29486,0.072983789,2152,12
23848,Heet,Zoyah Al-gharbiyah,زوية الغربية,Al-Forat,Heet,Al-Anbar,33.56746228,42.91583728,29284,0.013659336,400,6
21592,Tikrit,Hay Al sinay-Al samad,حي الصناعي-م(51-المجرة وتل رجيم)قرية الصمد,Al-Alam,Tikrit,Salah Al-Din,34.71326825,43.70669107,29486,0.025944516,765,6
25950,Tikrit,Tal-Al Sibaat Village,قرية تل السيباط,Al-Alam,Tikrit,Salah Al-Din,34.81969084,43.57772889,29486,0.017974632,530,6
163,Heet,Al Baker,حي البكر,Markaz Heet,Heet,Al-Anbar,33.64958145,42.83134286,29284,0.035275236,1033,6
25949,Tikrit,Al Bzikhah Village,قرية البزيخة,Al-Alam,Tikrit,Salah Al-Din,34.89208231,43.54881689,29486,0.01356576,400,6
22331,Tikrit,Al Baladiyat-402,البلديات-402,Um Al-Qura,Tikrit,Salah Al-Din,34.61124269,43.67409029,29486,0.017194601,507,6
22965,Tikrit,Hay Alqalaa,حي القلعة(6-تكريت)محلة 405,Um Al-Qura,Tikrit,Salah Al-Din,34.60364868,43.68996813,29486,0.004408872,130,6
27367,Tikrit,Hay Alziraa,حي الزراعة,Um Al-Qura,Tikrit,Salah Al-Din,34.58463421,43.68255174,29486,0.012548328,370,6
21357,Tikrit,Al Zallayah village,قرية الزلاية,Um Al-Qura,Tikrit,Salah Al-Din,34.45798508,43.72672328,29486,0.043003459,1268,12
23702,Tikrit,Qadisya 2 500 Area,حي المطاردة(قادسية2)مقاطعة 7 محله 218 – قطعه 500,Um Al-Qura,Tikrit,Salah Al-Din,34.65085216,43.64840368,29486,0.043105202,1271,6
25961,Tikrit,Hay Alarbaen,حي الاربعين-محله 414,Um Al-Qura,Tikrit,Salah Al-Din,34.59481215,43.67682715,29486,0.01410839,416,6
33823,Heet,AL-Moalimeen AL-Thaniya,حي المعلمين الثانية ,Markaz Heet,Heet,Al-Anbar,33.64578,42.80107,29284,0.009390794,275,6
23145,Tikrit,Al Ahad Al Jadid village,قرية العهد الجديد,Al-Alam,Tikrit,Salah Al-Din,34.72016511,43.69896303,29486,0.0254358,750,6
20484,Tooz Khurmato,Chardaghli village,قرية جرداغلي,Ameraly,Tooz Khurmato,Salah Al-Din,34.818984,44.557499,8090,0.040543881,328,12
25754,Tooz Khurmato,Markaz Tooz-Hay Al Askari,حي العسكري,Markaz Tooz Khurmato,Tooz Khurmato,Salah Al-Din,34.87893383,44.61564474,8090,0.005315204,43,6
23788,Al-Kaim,Hay Al Rashid,حي الرشيد,Al-Karabla,Al-Kaim,Al-Anbar,34.38715286,40.98881848,15084,0.025523734,385,6
271,Al-Kaim,Door Al-Sikak,حي السكك,Al-Karabla,Al-Kaim,Al-Anbar,34.38771423,40.97593251,15084,0.010673561,161,6
25866,Tooz Khurmato,Hay Komari-120,حي كوماري م(5-الطوز)محلة 120,Markaz Tooz Khurmato,Tooz Khurmato,Salah Al-Din,34.89631116,44.62618562,8090,0.307540173,2488,36
25868,Tooz Khurmato,Hay Rizgari-114,حي رزكاري م(5-الطوز)محلة 114,Markaz Tooz Khurmato,Tooz Khurmato,Salah Al-Din,34.88670149,44.64114867,8090,0.152163164,1231,18
21103,Tooz Khurmato,Yangija Village,قرية ينكجة,Markaz Tooz Khurmato,Tooz Khurmato,Salah Al-Din,34.856383,44.57192083,8090,0.020889988,169,18
25750,Tooz Khurmato,Markaz Tooz-Hay Brayati,محلة برايتي,Markaz Tooz Khurmato,Tooz Khurmato,Salah Al-Din,34.90508251,44.60920615,8090,0.026081582,211,12
27234,Tooz Khurmato,Hay Al-Askary,حي العسكري,Ameraly,Tooz Khurmato,Salah Al-Din,34.726584,44.584608,8090,0.010506799,85,6
20529,Tooz Khurmato,Sulayman Beg sub district center,مركز ناحية سليمان بيك,Sulaiman Baig,Tooz Khurmato,Salah Al-Din,34.795151,44.66947464,8090,0.183559951,1485,36
228,Heet,Hay al Jury,الجري,Markaz Heet,Heet,Al-Anbar,33.63721071,42.82162651,29284,0.056310613,1649,12
41,Heet,Jubbah,جبة ,Al-Baghdady,Heet,Al-Anbar,33.91242953,42.54682166,29284,0.010107909,296,6
33953,Heet,zawiat alwustaa,زوية الوسطى,Al-Forat,Heet,Al-Anbar,33.54309,42.95544,29284,0.024006283,703,6
23793,Al-Kaim,Hay Al Askary,حي العسكري,Al-Karabla,Al-Kaim,Al-Anbar,34.38879287,41.02220244,15084,0.016242376,245,6
23791,Al-Kaim,Al Nahda Al-Sharqiyah,حي النهضة الشرقية,Al-Karabla,Al-Kaim,Al-Anbar,34.36827894,41.05775748,15084,0.030429594,459,6
262,Ana,Hay Al Shoba,حي الشعبة,Rawa,Ana,Al-Anbar,34.4669276,41.91685003,4842,0.052457662,254,6
264,Ana,Al Qaala,حي القلعة,Rawa,Ana,Al-Anbar,34.46461943,41.91457925,4842,0.059479554,288,6
23861,Ana,Al-Hidayah,حي الهداية,Rawa,Ana,Al-Anbar,34.47546565,41.91346345,4842,0.048946716,237,6
23859,Ana,Hay Raua Al-Jadida,حي راوة جديدة,Rawa,Ana,Al-Anbar,34.48404974,41.92361128,4842,0.086741016,420,12
200,Ana,Al Askaree,حي العسكري,Rawa,Ana,Al-Anbar,34.48408734,41.91709448,4842,0.044816192,217,6
29579,Al-Ramadi,Al Dhubat 2,الضباط الثانية ,Markaz Al-Ramadi,Al-Ramadi,Al-Anbar,33.41296,43.31088873,97225,0.023594754,2294,6
133,Al-Ramadi,Al Aadil,العادل,Markaz Al-Ramadi,Al-Ramadi,Al-Anbar,33.41405,43.30632536,97225,0.013792749,1341,6
29561,Al-Ramadi,Hay 8 Shbbat,حي 8 شباط,Markaz Al-Ramadi,Al-Ramadi,Al-Anbar,33.42211,43.26091605,97225,0.013535613,1316,6
20939,Al-Ramadi,Al-Hamidhiyah,الحامضية,Markaz Al-Ramadi,Al-Ramadi,Al-Anbar,33.46526459,43.39814799,97225,0.012177938,1184,6
297,Al-Ramadi,Al-Thilah,الثيلة,Markaz Al-Ramadi,Al-Ramadi,Al-Anbar,33.43294,43.30570778,97225,0.020509128,1994,6
25650,Al-Ramadi,Al Askari,العسكري,Markaz Al-Ramadi,Al-Ramadi,Al-Anbar,33.411586,43.24644923,97225,0.017505786,1702,6
29534,Al-Ramadi,Al Shuhadaa Qtr,الشهداء,Markaz Al-Ramadi,Al-Ramadi,Al-Anbar,33.43179,43.28417617,97225,0.016466958,1601,6
204,Al-Ramadi,Hay 30 Tamooz,حي 30 تموز,Markaz Al-Ramadi,Al-Ramadi,Al-Anbar,33.41583,43.26891633,97225,0.018534328,1802,6
23891,Al-Ramadi,Al-Ankor,العنكور,Markaz Al-Ramadi,Al-Ramadi,Al-Anbar,33.374498,42.84705,97225,0.009719722,945,6
33832,Al-Ramadi,AL-mlahma,الملاحمه,Al-Habbaniya,Al-Ramadi,Al-Anbar,33.2554,43.3336,97225,0.013967601,1358,6
113,Al-Ramadi,Husaibah Al-Sharqiah,حصيبة الشرقية ,Al-Habbaniya,Al-Ramadi,Al-Anbar,33.40776951,43.46977318,97225,0.019346876,1881,6
156,Al-Kaim,Wazeeriya,حي الوزيرية,Al-Karabla,Al-Kaim,Al-Anbar,34.38141702,41.03964076,15084,0.034009547,513,18
21086,Al-Ramadi,Albu-Ali Aljasim,البو علي الجاسم ,Markaz Al-Ramadi,Al-Ramadi,Al-Anbar,33.496578,43.202315,97225,0.018256621,1775,6
23023,Al-Ramadi,Hay Al Malab,الملعب,Markaz Al-Ramadi,Al-Ramadi,Al-Anbar,33.42225,43.32127857,97225,0.020642839,2007,6
34016,Al-Ramadi,Hay Al-Aramel,حي الارامل,Markaz Al-Ramadi,Al-Ramadi,Al-Anbar,33.411358,43.316322,97225,0.012342504,1200,6
29475,Al-Ramadi,Zankura,زنكورة,Markaz Al-Ramadi,Al-Ramadi,Al-Anbar,33.48032,43.15559563,97225,0.056662381,5509,6
25441,Al-Ramadi,Al Soora,السورة,Markaz Al-Ramadi,Al-Ramadi,Al-Anbar,33.4351026,43.35608898,97225,0.016806377,1634,6
33302,Al-Kadhmiyah,Al Sheiti village,قرية الشيتي,Abu Ghraib,Al-Kadhmiyah,Baghdad,33.2308678,43.99213406,4945,0.012335693,61,6
32034,Al-Mahmoudiya,Al Kamazan village,قرية الكمزان,Al-Yousifya,Al-Mahmoudiya,Baghdad,33.193248,43.95562407,8676,0.011641309,101,6
29532,Al-Mahmoudiya,Al Shanadka village,قرية الشنادخة,Al-Yousifya,Al-Mahmoudiya,Baghdad,33.2182782,43.95334515,8676,0.013600738,118,6
31710,Al-Kadhmiyah,Al Zaidan-Al Sadan village,الزيدان-قرية السعدان,Abu Ghraib,Al-Kadhmiyah,Baghdad,33.270892,44.02497791,4945,0.052578362,260,6
32036,Al-Kadhmiyah,Al Masara village,قرية المسارة ,Abu Ghraib,Al-Kadhmiyah,Baghdad,33.234015,43.94204218,4945,0.027300303,135,6
22541,Al-Kadhmiyah,Sabea Al Buor-12000,سبع البور-12000,Al-Taji,Al-Kadhmiyah,Baghdad,33.46077706,44.1704438,4945,0.036400404,180,6
25168,Al-Kadhmiyah,Sabea Al Buor-14000,سبع البور-14000,Al-Taji,Al-Kadhmiyah,Baghdad,33.47013978,44.16611772,4945,0.06289181,311,6
21477,Ana,Al Zalla,قرية الزلة,Rawa,Ana,Al-Anbar,34.42124214,41.45726616,4842,0.04708798,228,6
25163,Al-Kadhmiyah,Sabea Al Buor-7000,سبع البور-7000,Al-Taji,Al-Kadhmiyah,Baghdad,33.45078626,44.15594608,4945,0.035389282,175,6
22611,Al-Kadhmiyah,Sabea Al Buor-13000,سبع البور-13000,Al-Taji,Al-Kadhmiyah,Baghdad,33.4650575,44.16816971,4945,0.01536906,76,6
25164,Al-Kadhmiyah,Sabea Al Buor-8000,سبع البور-8000,Al-Taji,Al-Kadhmiyah,Baghdad,33.45256226,44.15676736,4945,0.048129424,238,12
32101,Al-Mahmoudiya,Al Rasool village-(Al Jomblatiya Southern),قرية الرسول-الجمبلاطية الجنوبية ,Al-Yousifya,Al-Mahmoudiya,Baghdad,33.039284,44.1414635,8676,0.021899493,190,6
29525,Al-Mahmoudiya,Al Bu Hasson(Al kragolyia),البو حسون(الكرغولية),Al-Yousifya,Al-Mahmoudiya,Baghdad,33.03975376,44.18885772,8676,0.005647764,49,6
33175,Al-Kaim,Tiwaan,تيوان,Al-Karabla,Al-Kaim,Al-Anbar,34.2259007,41.34168435,15084,0.010540971,159,6
33105,Al-Mussyab,Al Moammen Billah-(Al Jomblatiya Southern),قرية المؤمن بالله-الجمبلاطية الجنوبية,Jurf Al-Sakhar,Al-Mussyab,Babil,33.028697,44.13960158,770,0.383116883,295,34
29523,Al-Mahmoudiya,Hay Al Shuhada(Al kragolyia),حي الشهداء(الكرغولية),Al-Yousifya,Al-Mahmoudiya,Baghdad,33.06663345,44.23348447,8676,0.121023513,1050,6
7682,Al-Mahmoudiya,Albo Awasj village,قرية البو عوسج,Al-Latifya,Al-Mahmoudiya,Baghdad,33.038574,44.32982286,8676,0.070885201,615,24
33109,Al-Mussyab,Al Motokal village-(Al Jomblatiya Northern),قرية المتوكل-الجمبلاطية الشمالية,Jurf Al-Sakhar,Al-Mussyab,Babil,33.02298,44.126467,770,0.227272727,175,10
33183,Al-Mahmoudiya,Al Rasheediya Village,#N/A,Al-Yousifya,Al-Mahmoudiya,Baghdad,33.108393,44.16043303,8676,0.034578147,300,6
33107,Al-Mahmoudiya,Al Imam Ali village-(Al Jomblatiya Southern),قرية الامام علي-الجمبلاطية الجنوبية,Al-Yousifya,Al-Mahmoudiya,Baghdad,33.030745,44.1777793,8676,0.023052098,200,6
33225,Al-Mahmoudiya,Albu Moufarrej Village,قرية البو مفرج,Al-Yousifya,Al-Mahmoudiya,Baghdad,33.075557,44.14815561,8676,0.040341171,350,6
7685,Al-Mahmoudiya,shaka-4,شاخة-4,Al-Latifya,Al-Mahmoudiya,Baghdad,32.9756,44.42205175,8676,0.012217612,106,6
29528,Al-Mahmoudiya,Hay Al Dobat(Al kragolyia),حي الضباط(الكرغولية),Al-Yousifya,Al-Mahmoudiya,Baghdad,33.050911,44.20509358,8676,0.024204703,210,6
22382,Al-Mahmoudiya,Al Muaghith village-(Al Jomblatiya Southern),قرية المغيث-الجمبلاطية الجنوبية,Al-Yousifya,Al-Mahmoudiya,Baghdad,33.03975373,44.16086072,8676,0.024204703,210,6
33110,Al-Mussyab,Al Abraar village-(Al Jomblatiya Northern),قرية الابرار-الجمبلاطية الشمالية,Jurf Al-Sakhar,Al-Mussyab,Babil,33.025292,44.13709516,770,0.38961039,300,28
7350,Al-Mahmoudiya,Al Mustafa village-(Al Jomblatiya Southern),قرية المصطفى-الجمبلاطية الجنوبية,Al-Yousifya,Al-Mahmoudiya,Baghdad,33.02912141,44.17154806,8676,0.046104195,400,6
33104,Al-Mahmoudiya,Al Azez Al Ghaffar-(Al Jomblatiya Southern),قرية العزيز الغفار-الجمبلاطية الجنوبية,Al-Yousifya,Al-Mahmoudiya,Baghdad,33.03348,44.16272303,8676,0.013831259,120,6
33458,Al-Kadhmiyah,14 Abar village 5,قرية5-14 ابار,Al-Taji,Al-Kadhmiyah,Baghdad,33.59278,44.17550949,4945,0.0190091,94,6
33469,Al-Kadhmiyah,14 Abar villge 7,قرية 7-14 ابار,Al-Tarmiya,Al-Kadhmiyah,Baghdad,33.639982,44.15827469,4945,0.015773509,78,6
33478,Al-Kadhmiyah,13 Al Dhabat-Al Harat village,الضبات13-قرية الحرات,Al-Tarmiya,Al-Kadhmiyah,Baghdad,33.648361,44.23412776,4945,0.017391304,86,6
33764,Al-Kadhmiyah,Asmail Mohammed village,قرية اسماعيل محمد,Al-Tarmiya,Al-Kadhmiyah,Baghdad,33.674171,44.14263,4945,0.006673407,33,12
33511,Al-Kadhmiyah,13 Al Dhabat-Albo Abdo village,الضبات13-قرية البوعبدو,Al-Tarmiya,Al-Kadhmiyah,Baghdad,33.68781,44.24027125,4945,0.018402427,91,12
23620,Zakho,Fishkhaboor,فيشخابور,NA,Zakho,Duhok,37.06728813,42.37686231,1304,0.098159509,128,10
26074,Al-Khalis,Arab Hafeedh Village,قرية عرب حفيظ,Al-Mansouriyah,Al-Khalis,Diyala,34.12586517,44.84068814,13435,0.010048381,135,6
25676,Al-Khalis,Al Mansouriyah-Hamada Village,المنصورية-قرية حماده,Al-Mansouriyah,Al-Khalis,Diyala,34.03136641,44.86764431,13435,0.011164868,150,6
231,Al-Rutba,Al Wadi,حي الوادي,Markaz Al-Rutba,Al-Rutba,Al-Anbar,33.03966421,40.28365262,4588,0.074978204,344,18
25669,Al-Khalis,Somair village,قرية أسمير,Al-Mansouriyah,Al-Khalis,Diyala,34.05691902,44.88435256,13435,0.014886491,200,6
233,Al-Rutba,Hay Al-Matar,حي المطار,Markaz Al-Rutba,Al-Rutba,Al-Anbar,33.03461084,40.28668013,4588,0.151918047,697,18
11270,Al-Khalis,Um al Hawali village,قرية ام الحوالي,Al-Atheem,Al-Khalis,Diyala,34.36468541,44.60197001,13435,0.009378489,126,12
165,Al-Rutba,Al Askaree,حي العسكري,Markaz Al-Rutba,Al-Rutba,Al-Anbar,33.03800189,40.30263444,4588,0.055797733,256,6
26058,Al-Khalis,Dalli Abass-Al-Shuhada Qtr,دلي عباس-حي الشهداء,Al-Mansouriyah,Al-Khalis,Diyala,34.0676524,44.86550222,13435,0.020171195,271,6
23935,Al-Rutba,Al-Daraemah Village,قرية الدراعمة,Markaz Al-Rutba,Al-Rutba,Al-Anbar,33.04302668,40.38038346,4588,0.091543156,420,18
150,Al-Rutba,Al Haara,حي الحارة,Markaz Al-Rutba,Al-Rutba,Al-Anbar,33.03761591,40.28426443,4588,0.120967742,555,18
26075,Al-Khalis,Al Dwaleeb Village,قرية الدواليب,Al-Mansouriyah,Al-Khalis,Diyala,34.073537,44.9056642,13435,0.014886491,200,6
25682,Al-Khalis,Mohammed Ali Village,قرية محمد العلي,Al-Mansouriyah,Al-Khalis,Diyala,34.04549809,44.88159198,13435,0.018608113,250,6
28463,Al-Khalis,Al Taleaa Al Olaa Village(Albo Rai),قرية الطالعة الاولى(البو ري),Al-Atheem,Al-Khalis,Diyala,34.25685398,44.52603643,13435,0.006698921,90,6
25655,Al-Khalis,Dalli Abass-Al Moalmeen Qtr,دلي عباس-حي المعلمين,Al-Mansouriyah,Al-Khalis,Diyala,34.07072389,44.8704787,13435,0.022701898,305,6
25678,Al-Khalis,Dawod Al-Salom village,قرية داوود السلوم,Al-Mansouriyah,Al-Khalis,Diyala,34.12548903,44.84410846,13435,0.012206922,164,6
167,Al-Rutba,Antesar,حي الانتصار,Markaz Al-Rutba,Al-Rutba,Al-Anbar,33.03126564,40.29901479,4588,0.214908457,986,12
25672,Al-Khalis,Habib Al Khaizaran Village,قرية حبيب الخيزران,Al-Mansouriyah,Al-Khalis,Diyala,34.121222,44.7696088,13435,0.017863789,240,6
25677,Al-Khalis,Hamza Al Najim Village,قرية حمزة النجم,Al-Mansouriyah,Al-Khalis,Diyala,34.03901602,44.88332927,13435,0.009452921,127,6
25653,Al-Khalis,Dalli Abass-Al Shekh Hassan Qtr,دلي عباس-حي الشيخ حسن,Al-Mansouriyah,Al-Khalis,Diyala,34.07723021,44.85503516,13435,0.019501303,262,6
23888,Al-Rutba,Gharb Al-Wadi,حي غرب الوادي,Markaz Al-Rutba,Al-Rutba,Al-Anbar,33.04245523,40.27803907,4588,0.163687881,751,36
166,Al-Rutba,Hay Al Meethagh,حي الميثاق,Markaz Al-Rutba,Al-Rutba,Al-Anbar,33.03197354,40.29047217,4588,0.10440279,479,18
25673,Al-Khalis,Habib Al Abdulla Village,قرية حبيب العبدالله,Al-Mansouriyah,Al-Khalis,Diyala,34.05390233,44.89234693,13435,0.040863416,549,6
26115,Al-Muqdadiya,Shak Al Rak Village,قرية شاق الراق,Markaz Al-Muqdadiya,Al-Muqdadiya,Diyala,34.00157426,44.93296834,8310,0.106859206,888,6
10948,Al-Muqdadiya,Abo Garma village,قرية ابو كرمة,Markaz Al-Muqdadiya,Al-Muqdadiya,Diyala,33.9061689,44.7245533,8310,0.006257521,52,6
11179,Al-Muqdadiya,Baloor Village,قرية بلور,Markaz Al-Muqdadiya,Al-Muqdadiya,Diyala,33.983383,44.93435119,8310,0.04211793,350,6
25805,Al-Muqdadiya,Al Somood Qtr,حي الصمود,Markaz Al-Muqdadiya,Al-Muqdadiya,Diyala,33.9845665,44.94206147,8310,0.019253911,160,6
109,Ana,Yarmouk,حي اليرموك,Markaz Ana,Ana,Al-Anbar,34.37483517,41.98761025,4842,0.060512185,293,18
25804,Al-Muqdadiya,Al Mataar Qtr,حي المطار,Markaz Al-Muqdadiya,Al-Muqdadiya,Diyala,33.98943701,44.94954431,8310,0.045728039,380,6
25948,Al-Muqdadiya,Nofal village,قرية نوفل,Markaz Al-Muqdadiya,Al-Muqdadiya,Diyala,34.04846,44.98260388,8310,0.059927798,498,12
11355,Al-Muqdadiya,AlTaiha Qtr,قرية التايهة,Markaz Al-Muqdadiya,Al-Muqdadiya,Diyala,34.03141312,44.94531097,8310,0.037545126,312,6
11440,Al-Muqdadiya,Al Qalaa Village,قرية القلعة,Markaz Al-Muqdadiya,Al-Muqdadiya,Diyala,34.01496421,44.95912841,8310,0.057160048,475,18
253,Ana,Hay Al Salam,حي السلام,Markaz Ana,Ana,Al-Anbar,34.37150561,41.96978858,4842,0.03944651,191,6
25668,Al-Muqdadiya,Al Wazan Village,قرية الوزان,Markaz Al-Muqdadiya,Al-Muqdadiya,Diyala,34.03579,44.98436486,8310,0.009867629,82,6
26027,Al-Muqdadiya,Al Shamamla Village,قرية الشماملة,Markaz Al-Muqdadiya,Al-Muqdadiya,Diyala,34.03534645,44.97409758,8310,0.007581227,63,6
25657,Al-Muqdadiya,Abu musa village,قرية ابو موسى,Markaz Al-Muqdadiya,Al-Muqdadiya,Diyala,34.00539076,44.87856992,8310,0.024669073,205,6
26030,Al-Muqdadiya,A Hammadi Village,قرية الحمادي,Markaz Al-Muqdadiya,Al-Muqdadiya,Diyala,34.03099698,44.94846175,8310,0.020336943,169,6
11442,Al-Muqdadiya,Al Isaiwed Village,قرية الاسيود,Markaz Al-Muqdadiya,Al-Muqdadiya,Diyala,34.052564,44.93185543,8310,0.046931408,390,6
11312,Al-Khalis,Al Sodoor,الصدور,Al-Mansouriyah,Al-Khalis,Diyala,34.05853,44.98047661,13435,0.009080759,122,6
25674,Al-Muqdadiya,Haj fadhil village,قرية حاج فاضل,Markaz Al-Muqdadiya,Al-Muqdadiya,Diyala,34.00214397,44.87807495,8310,0.003489771,29,6
31762,Khanaqin,Al Shuhada Qtr Sector 6,حي الشهداء قطاع 6,Jalawla,Khanaqin,Diyala,34.276111,45.18129168,16316,0.029112528,475,6
23799,Ana,Hay Al ZeraI,حي الزراعي,Markaz Ana,Ana,Al-Anbar,34.3731532,41.99516882,4842,0.034283354,166,6
31753,Khanaqin,Al Jamahir Qtr Sector 2,حي الجماهير قطاع 2,Jalawla,Khanaqin,Diyala,34.273056,45.1729482,16316,0.021451336,350,6
31749,Khanaqin,Al Oroba Qtr Sector 3,حي العروبة قطاع 3,Jalawla,Khanaqin,Diyala,34.277222,45.16607575,16316,0.012257906,200,6
248,Ana,Al bor (Shishan),حي العبور,Markaz Ana,Ana,Al-Anbar,34.36678805,41.97078314,4842,0.038000826,184,6
31768,Khanaqin,Al Nakheel Village,قرية النخيل,Jalawla,Khanaqin,Diyala,34.22881,45.23201366,16316,0.001899975,31,6
33585,Khanaqin,Al Taleaa 2 Qtr ( Al Kelya ),حي الطليعة 2 (الكلية),Jalawla,Khanaqin,Diyala,34.2685293,45.15987901,16316,0.018080412,295,6
249,Ana,Hay Al Tammem,حي التأميم,Markaz Ana,Ana,Al-Anbar,34.36837802,41.9956273,4842,0.050805452,246,6
32021,Khanaqin,Al Asakraa village,قرية العساكرة,Al-Saadiya,Khanaqin,Diyala,34.170099,45.13241116,16316,0.019919098,325,6
31761,Khanaqin,Al Shuhada Qtr Sector 5,حي الشهداء قطاع 5,Jalawla,Khanaqin,Diyala,34.275,45.17077837,16316,0.026048051,425,12
31765,Khanaqin,Al Wehdaa Qtr Sector 4,حي الوحدة قطاع 4,Jalawla,Khanaqin,Diyala,34.264444,45.16167063,16316,0.019919098,325,12
29570,Khanaqin,Al Shuhada Qtr Sector 1,حي الشهداء قطاع 1,Jalawla,Khanaqin,Diyala,34.2794886,45.1692345,16316,0.01838686,300,6
31754,Khanaqin,Al Jamahir Qtr Sector 3,حي الجماهير قطاع 3,Jalawla,Khanaqin,Diyala,34.269722,45.16507486,16316,0.021757784,355,6
29630,Khanaqin,Murjana village,قرية مرجانة,Jalawla,Khanaqin,Diyala,34.22486159,45.1309697,16316,0.020838441,340,6
251,Ana,Hay Al Qadissiyah,حي القادسية,Markaz Ana,Ana,Al-Anbar,34.37749089,41.98322262,4842,0.042750929,207,6
31752,Khanaqin,Al Taleaa Qtr ( sector 5 ),حي الطليعة ( قطاع 5 ),Jalawla,Khanaqin,Diyala,34.284167,45.16278004,16316,0.025128708,410,6
252,Ana,Al Tadamon,حي التضامن,Markaz Ana,Ana,Al-Anbar,34.36428013,41.98402787,4842,0.050185874,243,6
29564,Khanaqin,Al Taleaa Qtr ( sector 2 ),حي الطليعة ( قطاع 2 ),Jalawla,Khanaqin,Diyala,34.27881447,45.16276296,16316,0.023167443,378,6
31764,Khanaqin,Al Wehdaa Qtr Sector 3,حي الوحدة قطاع 3,Jalawla,Khanaqin,Diyala,34.266667,45.16324737,16316,0.016854621,275,6
13500,Makhmour,Bndiyan,بنديان,Markaz Makhmour,Makhmour,Erbil,35.77626707,43.5870458,7725,0.020711974,160,6
13352,Makhmour,Gwer,كوير,Gwyer,Makhmour,Erbil,36.043816,43.4990613,7725,0.28815534,2226,24
13675,Makhmour,Sherwany,شيرواني,Markaz Makhmour,Makhmour,Erbil,35.77564291,43.58422753,7725,0.084142395,650,18
12461,Makhmour,Jarallah,جار الله,Markaz Makhmour,Makhmour,Erbil,35.8325667,43.4369287,7725,0.015145631,117,12
13674,Makhmour,Shahidan,شهيدان,Markaz Makhmour,Makhmour,Erbil,35.78075589,43.585956,7725,0.062135922,480,6
22976,Makhmour,Qalat,قلات,Markaz Makhmour,Makhmour,Erbil,35.77731268,43.57280953,7725,0.034951456,270,6
169,Al-Falluja,Al Shurta,حي الشرطة,Markaz Al-Falluja,Al-Falluja,Al-Anbar,33.36389707,43.79818309,94177,0.03117534,2936,12
13516,Makhmour,Qabr Alsyd,قبر السيد,Qaraj,Makhmour,Erbil,35.568,43.6444,7725,0.008414239,65,6
33846,Makhmour,Darmenawa,درميناوه,Gwyer,Makhmour,Erbil,36.0040269,43.5509151,7725,0.005307443,41,6
12512,Makhmour,Gardahara,كردهاره,Qaraj,Makhmour,Erbil,35.5761,43.552,7725,0.008414239,65,24
13501,Makhmour,Kurdistan,كوردستان ,Markaz Makhmour,Makhmour,Erbil,35.76717577,43.5762378,7725,0.038834951,300,12
15006,Al-Hawiga,Al-Abasiyah Village,قرية العباسية,Markaz Al-Hawiga,Al-Hawiga,Kirkuk,35.33141,43.71230831,25562,0.003168766,81,6
15594,Al-Hawiga,Al Askary,حي العسكري,Markaz Al-Hawiga,Al-Hawiga,Kirkuk,35.32528,43.76544898,25562,0.032861278,840,12
21321,Al-Falluja,Al Daffar,الدفار,Markaz Al-Falluja,Al-Falluja,Al-Anbar,33.260627,43.85072524,94177,0.010618304,1000,12
33287,Al-Hawiga,Tall AL-Dhahab ( As-Sufla ) village,قرية تل الذهب ( سفلى ),Al-Abbasi,Al-Hawiga,Kirkuk,35.11281,43.51535725,25562,0.008528284,218,12
15275,Al-Hawiga,Al-Abassy center,مركز العباسي,Al-Abbasi,Al-Hawiga,Kirkuk,35.27574041,43.59564652,25562,0.059189422,1513,6
15250,Al-Hawiga,Al-Namalah village,قرية نملة,Al-Abbasi,Al-Hawiga,Kirkuk,35.3083,43.59333063,25562,0.012479462,319,6
33780,Al-Falluja,Al-Bijara,البجارة,Al-Garma,Al-Falluja,Al-Anbar,33.42847,43.78972,94177,0.001168013,110,6
15191,Al-Hawiga,Al-zab,مركز ناحية الزاب,Al-Zab,Al-Hawiga,Kirkuk,35.26433,43.44756129,25562,0.059424145,1519,6
33576,Al-Hawiga,Al-Farouk Village,قرية الفاروق,Markaz Al-Hawiga,Al-Hawiga,Kirkuk,35.31889,43.79555173,25562,0.003520851,90,6
15242,Al-Hawiga,Al-Jubooria Village,قرية الجبورية,Markaz Al-Hawiga,Al-Hawiga,Kirkuk,35.30301,43.70182472,25562,0.009271575,237,6
24362,Al-Hawiga,Shamitt Village,قرية شميط,Al-Zab,Al-Hawiga,Kirkuk,35.2977,43.53004521,25562,0.061028089,1560,6
14555,Beygee,Shajara village,قرية الشجرة,Makkhoul,Beygee,Salah Al-Din,35.21525,43.41271795,22815,0.028972167,661,6
33291,Al-Hawiga,Al-Salhaiyah village,قرية الصالحية,Markaz Al-Hawiga,Al-Hawiga,Kirkuk,35.370423,43.8904098,25562,0.003755575,96,6
15264,Al-Hawiga,Bakara Village,قرية البكارة,Markaz Al-Hawiga,Al-Hawiga,Kirkuk,35.32208,43.79404764,25562,0.011736171,300,6
287,Al-Kaim,Hay Al-Makarim,حي المكارم,Al-Karabla,Al-Kaim,Al-Anbar,34.38437722,41.02395861,15084,0.019557147,295,6
15416,Al-Hawiga,Hilwa middle,قرية حلوة وسطى,Al-Zab,Al-Hawiga,Kirkuk,35.472569,43.76065514,25562,0.02675847,684,6
15368,Al-Hawiga,Al-Mansuriyah ( Al-Abazz) village,قرية منصورية ( عبز ),Markaz Al-Hawiga,Al-Hawiga,Kirkuk,35.402174,43.88121962,25562,0.004225022,108,6
176,Al-Falluja,Al-andalus,حي الأندلس,Markaz Al-Falluja,Al-Falluja,Al-Anbar,33.34833448,43.76295925,94177,0.029402083,2769,6
15271,Beygee,Sobieh village,قرية صبيح,Makkhoul,Beygee,Salah Al-Din,35.3099,43.36912437,22815,0.01884725,430,6
15614,Al-Hawiga,8 Shabahit,حي 8 شباط,Markaz Al-Hawiga,Al-Hawiga,Kirkuk,35.32708,43.78052,25562,0.006415773,164,6
148,Al-Falluja,Al-waheda,حي الوحدة,Markaz Al-Falluja,Al-Falluja,Al-Anbar,33.36026624,43.7779121,94177,0.023646963,2227,6
15674,Dibis,Hay Al-Shuhadaa,حي الشهداء,Markaz Dibis,Dibis,Kirkuk,35.6705349,44.06921792,1206,0.012437811,15,6
14375,Dibis,Altun Kupri Center,مركز ناحية التون كوبري,Altun Qupri,Dibis,Kirkuk,35.75626625,44.13871317,1206,0.718076285,866,150
33384,Dibis,Hay Diyarbakir,حي دياربكر,Markaz Dibis,Dibis,Kirkuk,35.66829,44.08388662,1206,0.020729685,25,6
15463,Dibis,Qutan village,قرية قوتان,Markaz Dibis,Dibis,Kirkuk,35.60376,44.23055028,1206,0.066334992,80,12
33383,Dibis,Hay Kurdistan,حي كوردستان,Markaz Dibis,Dibis,Kirkuk,35.6753,44.06739441,1206,0.033167496,40,6
14407,Dibis,Qashqaiyah village,قرية قوشقاية,Markaz Dibis,Dibis,Kirkuk,35.60065,44.1969448,1206,0.111940299,135,12
29631,Daquq,Arab Koy village,قرية عرب كوي,Markaz Daquq,Daquq,Kirkuk,35.066888,44.38804473,975,0.076923077,75,6
15139,Daquq,Khaled bin Waleed village,قرية خالد بن الوليد,Markaz Daquq,Daquq,Kirkuk,35.20333,44.36306564,975,0.097435897,95,12
14864,Daquq,Albu Mahammad,قرية البو محمد,Markaz Daquq,Daquq,Kirkuk,35.05,44.36982716,975,0.025641026,25,6
14788,Daquq,Wahda village,قرية الوحدة,Markaz Daquq,Daquq,Kirkuk,35.210085,44.3801614,975,0.092307692,90,24
125,Al-Falluja,Hay Al Dhubbat,حي الضباط,Markaz Al-Falluja,Al-Falluja,Al-Anbar,33.35742,43.79284842,94177,0.038884229,3662,6
21814,Daquq,Saad Bin Waqqas village,قرية سعد بن الوقاص,Markaz Daquq,Daquq,Kirkuk,35.20031,44.3583072,975,0.215384615,210,12
31725,Daquq,Hay Gulan,حي كولان,Markaz Daquq,Daquq,Kirkuk,35.14432821,44.4556447,975,0.092307692,90,12
33477,Daquq,Hay Runaki / Daquq,حي روناكي \ داقوق,Markaz Daquq,Daquq,Kirkuk,35.14833029,44.45463889,975,0.082051282,80,12
14786,Daquq,Fareeq Awa,حي فريق اوه,Markaz Daquq,Daquq,Kirkuk,35.13463604,44.43721897,975,0.123076923,120,18
14763,Kirkuk,Rahim Awa,رحيم اوه,Markaz Kirkuk,Kirkuk,Kirkuk,35.4974936,44.39561969,27113,0.202854719,5500,6
33112,Daquq,Al-Rashad center,مركز الرشاد,Al-Rashad,Daquq,Kirkuk,35.13521,44.08200978,975,0.041025641,40,6
28410,Kirkuk,Sekanyan,سيكانيان,Markaz Kirkuk,Kirkuk,Kirkuk,35.55411939,44.36025754,27113,0.001844134,50,6
31726,Kirkuk,Al-Qadisssiya(Rabareen) first,حي الانتفاضة-رابرين-(القادسية سابقا) اول,Markaz Kirkuk,Kirkuk,Kirkuk,35.41471699,44.41914669,27113,0.036882676,1000,6
15442,Kirkuk,Shorawo,شوراو,Markaz Kirkuk,Kirkuk,Kirkuk,35.52501522,44.38484303,27113,0.055324014,1500,6
14567,Daquq,Al-Dookmat Al-Kabira village,قرية الدوكمات الكبيرة,Al-Rashad,Daquq,Kirkuk,35.09175,44.0534674,975,0.075897436,74,6
299,Al-Falluja,Al-Julan,الجولان,Markaz Al-Falluja,Al-Falluja,Al-Anbar,33.36393445,43.76757768,94177,0.030134746,2838,6
21702,Kirkuk,Hay Azadi,حي ازادي,Markaz Kirkuk,Kirkuk,Kirkuk,35.48144527,44.41860388,27113,0.147530705,4000,24
31727,Kirkuk,Al-Qadisssiya(Rabareen) seconad,حي الانتفاضة-رابرين-(القادسية سابقا) ثاني,Markaz Kirkuk,Kirkuk,Kirkuk,35.42690647,44.42125977,27113,0.040570944,1100,6
14530,Kirkuk,Panja Ali,بنجه علي,Markaz Kirkuk,Kirkuk,Kirkuk,35.43692001,44.42763139,27113,0.164127909,4450,12
14984,Kirkuk,Al Taakhi,حي التأخي,Markaz Kirkuk,Kirkuk,Kirkuk,35.4223312,44.3524948,27113,0.005532401,150,6
22289,Kirkuk,Al Faylaq-Mahala 5,حي الفيلق-5,Markaz Kirkuk,Kirkuk,Kirkuk,35.47617352,44.36205712,27113,0.041493011,1125,6
33467,Al-Falluja,Hay Al Mansour Tawzi Al Jadeed,حي المنصور / التوزيع الجديد,Markaz Al-Falluja,Al-Falluja,Al-Anbar,33.32431,43.7962406,94177,0.006052433,570,6
24084,Kirkuk,Al Tadamon(Hawkari),حي التضامن-هاوكاري-,Markaz Kirkuk,Kirkuk,Kirkuk,35.41012372,44.38730494,27113,0.009220669,250,6
25556,Kirkuk,Darwaza,دروازة,Markaz Kirkuk,Kirkuk,Kirkuk,35.47339866,44.41625482,27113,0.110648029,3000,18
25708,Kirkuk,Al Hendia,قرية الهندية,Al-Multaka,Kirkuk,Kirkuk,35.45524257,44.17384937,27113,0.003135027,85,6
324,Al-Falluja,Albu Aifan,البوعيفان,Markaz Al-Falluja,Al-Falluja,Al-Anbar,33.30279302,43.75301646,94177,0.009248543,871,6
34010,Al-Baaj,Al-Dubaat,حي الضباط,Markaz Al-Baaj,Al-Baaj,Ninewa,36.042967,41.711898,6162,0.03034729,187,6
34014,Al-Baaj,Hateen,حي حطين,Markaz Al-Baaj,Al-Baaj,Ninewa,36.04616,41.722867,6162,0.0561506,346,6
33431,Al-Baaj,Al-Rashediyah,الرشيدية,Al-Qahtanya,Al-Baaj,Ninewa,36.125506,41.572871,6162,0.006815969,42,6
33854,Al-Baaj,Maisaloun,مجمع ميسلون,Al-Qahtanya,Al-Baaj,Ninewa,36.272,41.367502,6162,0.044628367,275,6
34082,Al-Baaj,Al-ayaine,العواني,Markaz Al-Baaj,Al-Baaj,Ninewa,36.170522,41.345382,6162,0.003245699,20,6
33856,Al-Baaj,Sheekht Al-Majfal Village,قرية شيخة المجفل ,Markaz Al-Baaj,Al-Baaj,Ninewa,36.083477,41.544336,6162,0.004057124,25,6
34027,Al-Baaj,mushirfa Al kuffa,مشيرفه الكوفه,Markaz Al-Baaj,Al-Baaj,Ninewa,36.040514,41.788988,6162,0.009412528,58,6
34008,Al-Baaj,Al-Risalah,حي الرساله,Markaz Al-Baaj,Al-Baaj,Ninewa,36.044509,41.714508,6162,0.057935735,357,6
34009,Al-Baaj,Al Intisar,حي الانتصار,Markaz Al-Baaj,Al-Baaj,Ninewa,36.049594,41.71278,6162,0.064913989,400,6
33915,Al-Baaj,Thry algarah,ثري الكراح,Markaz Al-Baaj,Al-Baaj,Ninewa,35.91231,42.185485,6162,0.008925673,55,6
22134,Al-Falluja,Albu Khalifa,البوخليفة ,Al-Garma,Al-Falluja,Al-Anbar,33.43254355,43.94894634,94177,0.022521422,2121,6
