Location.ID,District,popgroup,Stratum,population
33940,Al-Falluja,idp_out_camp,Al-Falluja,115
107,Al-Falluja,idp_out_camp,Al-Falluja,658
26088,Al-Falluja,idp_out_camp,Al-Falluja,64
26092,Al-Falluja,idp_out_camp,Al-Falluja,241
33941,Al-Falluja,idp_out_camp,Al-Falluja,75
26087,Al-Falluja,idp_out_camp,Al-Falluja,173
26036,Al-Falluja,idp_out_camp,Al-Falluja,19
26085,Al-Falluja,idp_out_camp,Al-Falluja,218
33939,Al-Falluja,idp_out_camp,Al-Falluja,112
26037,Al-Falluja,idp_out_camp,Al-Falluja,160
26091,Al-Falluja,idp_out_camp,Al-Falluja,110
23853,Al-Falluja,idp_out_camp,Al-Falluja,12
23858,Al-Ramadi,idp_out_camp,Al-Ramadi,57
33826,Al-Ramadi,idp_out_camp,Al-Ramadi,77
23889,Al-Ramadi,idp_out_camp,Al-Ramadi,474
308,Al-Ramadi,idp_out_camp,Al-Ramadi,129
115,Al-Ramadi,idp_out_camp,Al-Ramadi,225
182,Al-Ramadi,idp_out_camp,Al-Ramadi,53
166,Al-Rutba,idp_out_camp,Al-Rutba,100
231,Al-Rutba,idp_out_camp,Al-Rutba,86
165,Al-Rutba,idp_out_camp,Al-Rutba,80
150,Al-Rutba,idp_out_camp,Al-Rutba,54
167,Al-Rutba,idp_out_camp,Al-Rutba,63
23935,Al-Rutba,idp_out_camp,Al-Rutba,40
233,Al-Rutba,idp_out_camp,Al-Rutba,43
23888,Al-Rutba,idp_out_camp,Al-Rutba,20
34002,Heet,idp_out_camp,Heet,28
152,Heet,idp_out_camp,Heet,65
312,Heet,idp_out_camp,Heet,16
219,Heet,idp_out_camp,Heet,48
33822,Heet,idp_out_camp,Heet,8
23885,Heet,idp_out_camp,Heet,14
857,Al-Basrah,idp_out_camp,Al-Basrah,6
21097,Al-Basrah,idp_out_camp,Al-Basrah,17
1308,Al-Basrah,idp_out_camp,Al-Basrah,8
847,Al-Basrah,idp_out_camp,Al-Basrah,10
891,Al-Basrah,idp_out_camp,Al-Basrah,12
24126,Al-Basrah,idp_out_camp,Al-Basrah,10
907,Al-Basrah,idp_out_camp,Al-Basrah,7
893,Al-Basrah,idp_out_camp,Al-Basrah,10
898,Al-Basrah,idp_out_camp,Al-Basrah,6
1295,Al-Basrah,idp_out_camp,Al-Basrah,9
24182,Al-Basrah,idp_out_camp,Al-Basrah,10
20340,Al-Kufa,idp_out_camp,Al-Kufa,6
25890,Al-Kufa,idp_out_camp,Al-Kufa,15
20298,Al-Kufa,idp_out_camp,Al-Kufa,68
20046,Al-Kufa,idp_out_camp,Al-Kufa,6
24311,Al-Kufa,idp_out_camp,Al-Kufa,125
20304,Al-Kufa,idp_out_camp,Al-Kufa,253
29598,Al-Najaf,idp_out_camp,Al-Najaf,185
34007,Al-Najaf,idp_out_camp,Al-Najaf,250
20341,Al-Najaf,idp_out_camp,Al-Najaf,60
25431,Al-Najaf,idp_out_camp,Al-Najaf,67
29658,Al-Najaf,idp_out_camp,Al-Najaf,42
26015,Al-Najaf,idp_out_camp,Al-Najaf,10
29621,Al-Najaf,idp_out_camp,Al-Najaf,120
20338,Al-Najaf,idp_out_camp,Al-Najaf,56
20287,Al-Najaf,idp_out_camp,Al-Najaf,100
20122,Al-Najaf,idp_out_camp,Al-Najaf,65
25568,Al-Diwaniya,idp_out_camp,Al-Diwaniya,11
25070,Al-Diwaniya,idp_out_camp,Al-Diwaniya,7
24436,Al-Diwaniya,idp_out_camp,Al-Diwaniya,10
24903,Al-Diwaniya,idp_out_camp,Al-Diwaniya,8
2943,Al-Diwaniya,idp_out_camp,Al-Diwaniya,20
22815,Al-Diwaniya,idp_out_camp,Al-Diwaniya,7
22326,Al-Diwaniya,idp_out_camp,Al-Diwaniya,33
23681,Al-Diwaniya,idp_out_camp,Al-Diwaniya,6
23715,Al-Diwaniya,idp_out_camp,Al-Diwaniya,12
22452,Al-Diwaniya,idp_out_camp,Al-Diwaniya,18
25509,Al-Diwaniya,idp_out_camp,Al-Diwaniya,6
5808,Al-Sulaymaniyah,idp_out_camp,Al-Sulaymaniyah,35
5930,Al-Sulaymaniyah,idp_out_camp,Al-Sulaymaniyah,163
23926,Al-Sulaymaniyah,idp_out_camp,Al-Sulaymaniyah,39
21021,Al-Sulaymaniyah,idp_out_camp,Al-Sulaymaniyah,64
5122,Al-Sulaymaniyah,idp_out_camp,Al-Sulaymaniyah,7
5744,Al-Sulaymaniyah,idp_out_camp,Al-Sulaymaniyah,59
21033,Al-Sulaymaniyah,idp_out_camp,Al-Sulaymaniyah,90
21036,Al-Sulaymaniyah,idp_out_camp,Al-Sulaymaniyah,163
5737,Al-Sulaymaniyah,idp_out_camp,Al-Sulaymaniyah,194
33357,Al-Sulaymaniyah,idp_out_camp,Al-Sulaymaniyah,51
4441,Al-Sulaymaniyah,idp_out_camp,Al-Sulaymaniyah,432
33348,Al-Sulaymaniyah,idp_out_camp,Al-Sulaymaniyah,13
24816,Al-Sulaymaniyah,idp_out_camp,Al-Sulaymaniyah,235
24255,Al-Sulaymaniyah,idp_out_camp,Al-Sulaymaniyah,104
31982,Al-Sulaymaniyah,idp_out_camp,Al-Sulaymaniyah,41
31988,Al-Sulaymaniyah,idp_out_camp,Al-Sulaymaniyah,63
21719,Chamchamal,idp_out_camp,Chamchamal,6
3461,Chamchamal,idp_out_camp,Chamchamal,6
33380,Chamchamal,idp_out_camp,Chamchamal,37
24894,Chamchamal,idp_out_camp,Chamchamal,184
6159,Chamchamal,idp_out_camp,Chamchamal,33
21976,Chamchamal,idp_out_camp,Chamchamal,93
24688,Chamchamal,idp_out_camp,Chamchamal,184
21717,Chamchamal,idp_out_camp,Chamchamal,78
24250,Chamchamal,idp_out_camp,Chamchamal,38
4933,Chamchamal,idp_out_camp,Chamchamal,112
20813,Chamchamal,idp_out_camp,Chamchamal,59
24813,Chamchamal,idp_out_camp,Chamchamal,35
6301,Derbendikhan,idp_out_camp,Derbendikhan,90
24251,Derbendikhan,idp_out_camp,Derbendikhan,114
29515,Derbendikhan,idp_out_camp,Derbendikhan,23
24670,Derbendikhan,idp_out_camp,Derbendikhan,80
24253,Derbendikhan,idp_out_camp,Derbendikhan,34
29517,Derbendikhan,idp_out_camp,Derbendikhan,112
22996,Derbendikhan,idp_out_camp,Derbendikhan,41
23078,Derbendikhan,idp_out_camp,Derbendikhan,57
5000,Dokan,idp_out_camp,Dokan,7
23721,Dokan,idp_out_camp,Dokan,52
23923,Dokan,idp_out_camp,Dokan,27
23924,Dokan,idp_out_camp,Dokan,28
5068,Dokan,idp_out_camp,Dokan,10
24554,Dokan,idp_out_camp,Dokan,20
24213,Dokan,idp_out_camp,Dokan,99
23333,Dokan,idp_out_camp,Dokan,92
6305,Dokan,idp_out_camp,Dokan,43
3593,Dokan,idp_out_camp,Dokan,8
5238,Dokan,idp_out_camp,Dokan,31
22460,Halabcha,idp_out_camp,Halabcha,9
21862,Halabcha,idp_out_camp,Halabcha,37
21961,Halabcha,idp_out_camp,Halabcha,79
21863,Halabcha,idp_out_camp,Halabcha,9
21857,Halabcha,idp_out_camp,Halabcha,28
21962,Halabcha,idp_out_camp,Halabcha,13
21960,Halabcha,idp_out_camp,Halabcha,16
25757,Halabcha,idp_out_camp,Halabcha,23
31863,Halabcha,idp_out_camp,Halabcha,12
31862,Halabcha,idp_out_camp,Halabcha,43
25647,Halabcha,idp_out_camp,Halabcha,15
22920,Halabcha,idp_out_camp,Halabcha,37
24096,Halabcha,idp_out_camp,Halabcha,56
23767,Kalar,idp_out_camp,Kalar,33
32001,Kalar,idp_out_camp,Kalar,93
6286,Kalar,idp_out_camp,Kalar,189
23769,Kalar,idp_out_camp,Kalar,38
5995,Kalar,idp_out_camp,Kalar,100
24890,Kalar,idp_out_camp,Kalar,48
3939,Kalar,idp_out_camp,Kalar,80
24962,Kalar,idp_out_camp,Kalar,148
31929,Kalar,idp_out_camp,Kalar,92
31932,Kalar,idp_out_camp,Kalar,52
21861,Kalar,idp_out_camp,Kalar,157
21852,Kalar,idp_out_camp,Kalar,221
25298,Rania,idp_out_camp,Rania,75
25293,Rania,idp_out_camp,Rania,9
25297,Rania,idp_out_camp,Rania,17
5568,Rania,idp_out_camp,Rania,17
25296,Rania,idp_out_camp,Rania,18
29686,Rania,idp_out_camp,Rania,31
31869,Rania,idp_out_camp,Rania,13
25522,Rania,idp_out_camp,Rania,13
24814,Rania,idp_out_camp,Rania,9
24101,Rania,idp_out_camp,Rania,45
24984,Al-Mussyab,idp_out_camp,Al-Mussyab,129
24985,Al-Mussyab,idp_out_camp,Al-Mussyab,88
25613,Al-Mussyab,idp_out_camp,Al-Mussyab,22
24296,Al-Mussyab,idp_out_camp,Al-Mussyab,34
24707,Al-Mussyab,idp_out_camp,Al-Mussyab,237
7126,Al-Mussyab,idp_out_camp,Al-Mussyab,110
24165,Al-Mussyab,idp_out_camp,Al-Mussyab,94
26119,Al-Mussyab,idp_out_camp,Al-Mussyab,47
24171,Al-Mussyab,idp_out_camp,Al-Mussyab,145
29582,Al-Mussyab,idp_out_camp,Al-Mussyab,92
7220,Al-Mussyab,idp_out_camp,Al-Mussyab,33
26125,Al-Mussyab,idp_out_camp,Al-Mussyab,65
27255,Al-Adhamiya,idp_out_camp,Al-Adhamiya,8
25394,Al-Adhamiya,idp_out_camp,Al-Adhamiya,11
24176,Al-Adhamiya,idp_out_camp,Al-Adhamiya,30
25397,Al-Adhamiya,idp_out_camp,Al-Adhamiya,9
22777,Al-Adhamiya,idp_out_camp,Al-Adhamiya,20
22538,Al-Adhamiya,idp_out_camp,Al-Adhamiya,18
23728,Al-Adhamiya,idp_out_camp,Al-Adhamiya,11
7730,Al-Adhamiya,idp_out_camp,Al-Adhamiya,53
23999,Al-Adhamiya,idp_out_camp,Al-Adhamiya,26
24003,Al-Adhamiya,idp_out_camp,Al-Adhamiya,30
7717,Al-Adhamiya,idp_out_camp,Al-Adhamiya,13
23646,Al-Adhamiya,idp_out_camp,Al-Adhamiya,45
24002,Al-Adhamiya,idp_out_camp,Al-Adhamiya,24
24004,Al-Adhamiya,idp_out_camp,Al-Adhamiya,11
23867,Al-Kadhmiyah,idp_out_camp,Al-Kadhmiyah,17
31711,Al-Kadhmiyah,idp_out_camp,Al-Kadhmiyah,9
25126,Al-Kadhmiyah,idp_out_camp,Al-Kadhmiyah,25
21173,Al-Kadhmiyah,idp_out_camp,Al-Kadhmiyah,62
31714,Al-Kadhmiyah,idp_out_camp,Al-Kadhmiyah,62
7658,Al-Kadhmiyah,idp_out_camp,Al-Kadhmiyah,44
27247,Al-Kadhmiyah,idp_out_camp,Al-Kadhmiyah,138
25185,Al-Kadhmiyah,idp_out_camp,Al-Kadhmiyah,7
27413,Al-Kadhmiyah,idp_out_camp,Al-Kadhmiyah,38
25164,Al-Kadhmiyah,idp_out_camp,Al-Kadhmiyah,9
24063,Al-Kadhmiyah,idp_out_camp,Al-Kadhmiyah,19
21685,Al-Kadhmiyah,idp_out_camp,Al-Kadhmiyah,21
25424,Al-Kadhmiyah,idp_out_camp,Al-Kadhmiyah,42
25022,Al-Kadhmiyah,idp_out_camp,Al-Kadhmiyah,24
27312,Al-Kadhmiyah,idp_out_camp,Al-Kadhmiyah,6
24073,Al-Karkh,idp_out_camp,Al-Karkh,30
7640,Al-Karkh,idp_out_camp,Al-Karkh,25
23984,Al-Karkh,idp_out_camp,Al-Karkh,98
21460,Al-Karkh,idp_out_camp,Al-Karkh,24
24065,Al-Karkh,idp_out_camp,Al-Karkh,12
23727,Al-Karkh,idp_out_camp,Al-Karkh,12
21450,Al-Karkh,idp_out_camp,Al-Karkh,19
21448,Al-Karkh,idp_out_camp,Al-Karkh,14
25206,Al-Karkh,idp_out_camp,Al-Karkh,30
26041,Al-Karkh,idp_out_camp,Al-Karkh,20
27409,Al-Karkh,idp_out_camp,Al-Karkh,13
27191,Al-Karkh,idp_out_camp,Al-Karkh,14
25221,Al-Karkh,idp_out_camp,Al-Karkh,32
26100,Al-Karkh,idp_out_camp,Al-Karkh,12
27289,Al-Karkh,idp_out_camp,Al-Karkh,9
25150,Al-Mahmoudiya,idp_out_camp,Al-Mahmoudiya,157
23618,Al-Mahmoudiya,idp_out_camp,Al-Mahmoudiya,83
25149,Al-Mahmoudiya,idp_out_camp,Al-Mahmoudiya,89
7733,Al-Mahmoudiya,idp_out_camp,Al-Mahmoudiya,60
25152,Al-Mahmoudiya,idp_out_camp,Al-Mahmoudiya,179
7583,Al-Mahmoudiya,idp_out_camp,Al-Mahmoudiya,21
7587,Al-Mahmoudiya,idp_out_camp,Al-Mahmoudiya,60
29523,Al-Mahmoudiya,idp_out_camp,Al-Mahmoudiya,15
27252,Al-Mahmoudiya,idp_out_camp,Al-Mahmoudiya,9
24194,Al-Khalis,idp_out_camp,Al-Khalis,25
25036,Al-Khalis,idp_out_camp,Al-Khalis,38
10445,Al-Khalis,idp_out_camp,Al-Khalis,109
25032,Al-Khalis,idp_out_camp,Al-Khalis,13
25027,Al-Khalis,idp_out_camp,Al-Khalis,12
25815,Al-Khalis,idp_out_camp,Al-Khalis,20
22041,Al-Khalis,idp_out_camp,Al-Khalis,40
11195,Al-Khalis,idp_out_camp,Al-Khalis,59
25814,Al-Khalis,idp_out_camp,Al-Khalis,20
11206,Al-Khalis,idp_out_camp,Al-Khalis,7
11425,Al-Khalis,idp_out_camp,Al-Khalis,60
11463,Baquba,idp_out_camp,Baquba,47
11411,Baquba,idp_out_camp,Baquba,38
23740,Baquba,idp_out_camp,Baquba,31
24915,Baquba,idp_out_camp,Baquba,420
24805,Baquba,idp_out_camp,Baquba,693
11189,Baquba,idp_out_camp,Baquba,256
24914,Baquba,idp_out_camp,Baquba,31
11177,Baquba,idp_out_camp,Baquba,85
24917,Baquba,idp_out_camp,Baquba,13
23694,Baquba,idp_out_camp,Baquba,67
11178,Baquba,idp_out_camp,Baquba,365
11250,Baquba,idp_out_camp,Baquba,30
25042,Baquba,idp_out_camp,Baquba,15
25257,Khanaqin,idp_out_camp,Khanaqin,384
24312,Khanaqin,idp_out_camp,Khanaqin,159
24403,Khanaqin,idp_out_camp,Khanaqin,7
24351,Khanaqin,idp_out_camp,Khanaqin,41
25247,Khanaqin,idp_out_camp,Khanaqin,35
10666,Khanaqin,idp_out_camp,Khanaqin,30
24393,Khanaqin,idp_out_camp,Khanaqin,42
11047,Khanaqin,idp_out_camp,Khanaqin,210
24354,Khanaqin,idp_out_camp,Khanaqin,50
24405,Khanaqin,idp_out_camp,Khanaqin,8
10403,Khanaqin,idp_out_camp,Khanaqin,130
3903,Kifri,idp_out_camp,Kifri,281
6000,Kifri,idp_out_camp,Kifri,193
25429,Kifri,idp_out_camp,Kifri,135
33394,Kifri,idp_out_camp,Kifri,47
28430,Kifri,idp_out_camp,Kifri,67
28427,Kifri,idp_out_camp,Kifri,78
28429,Kifri,idp_out_camp,Kifri,54
31930,Kifri,idp_out_camp,Kifri,184
6161,Kifri,idp_out_camp,Kifri,200
28424,Kifri,idp_out_camp,Kifri,35
11023,Kifri,idp_out_camp,Kifri,128
28422,Kifri,idp_out_camp,Kifri,77
28428,Kifri,idp_out_camp,Kifri,56
10592,Kifri,idp_out_camp,Kifri,115
23903,Al-Amadiya,idp_out_camp,Al-Amadiya,25
8171,Al-Amadiya,idp_out_camp,Al-Amadiya,7
8335,Al-Amadiya,idp_out_camp,Al-Amadiya,19
7770,Al-Amadiya,idp_out_camp,Al-Amadiya,97
7768,Al-Amadiya,idp_out_camp,Al-Amadiya,52
27120,Al-Amadiya,idp_out_camp,Al-Amadiya,45
7867,Al-Amadiya,idp_out_camp,Al-Amadiya,7
7862,Al-Amadiya,idp_out_camp,Al-Amadiya,14
7896,Al-Amadiya,idp_out_camp,Al-Amadiya,6
7835,Al-Amadiya,idp_out_camp,Al-Amadiya,69
26047,Duhok,idp_out_camp,Duhok,87
24092,Duhok,idp_out_camp,Duhok,163
23711,Duhok,idp_out_camp,Duhok,21
21509,Duhok,idp_out_camp,Duhok,179
8867,Duhok,idp_out_camp,Duhok,504
21971,Duhok,idp_out_camp,Duhok,126
26052,Duhok,idp_out_camp,Duhok,26
24186,Duhok,idp_out_camp,Duhok,122
7945,Duhok,idp_out_camp,Duhok,271
24628,Duhok,idp_out_camp,Duhok,212
8687,Duhok,idp_out_camp,Duhok,50
7949,Duhok,idp_out_camp,Duhok,126
25898,Duhok,idp_out_camp,Duhok,210
8044,Sumail,idp_out_camp,Sumail,87
24596,Sumail,idp_out_camp,Sumail,223
27125,Sumail,idp_out_camp,Sumail,156
24800,Sumail,idp_out_camp,Sumail,1042
8873,Sumail,idp_out_camp,Sumail,936
29614,Sumail,idp_out_camp,Sumail,148
7989,Sumail,idp_out_camp,Sumail,498
25622,Sumail,idp_out_camp,Sumail,364
8369,Sumail,idp_out_camp,Sumail,3930
8800,Sumail,idp_out_camp,Sumail,280
27124,Sumail,idp_out_camp,Sumail,416
32029,Zakho,idp_out_camp,Zakho,175
32033,Zakho,idp_out_camp,Zakho,860
32030,Zakho,idp_out_camp,Zakho,765
32024,Zakho,idp_out_camp,Zakho,371
32028,Zakho,idp_out_camp,Zakho,811
32032,Zakho,idp_out_camp,Zakho,859
32027,Zakho,idp_out_camp,Zakho,1166
32031,Zakho,idp_out_camp,Zakho,963
25992,Zakho,idp_out_camp,Zakho,589
8620,Zakho,idp_out_camp,Zakho,16
20980,Erbil,idp_out_camp,Erbil,719
13685,Erbil,idp_out_camp,Erbil,408
25973,Erbil,idp_out_camp,Erbil,91
24308,Erbil,idp_out_camp,Erbil,1580
12826,Erbil,idp_out_camp,Erbil,1481
25727,Erbil,idp_out_camp,Erbil,203
33883,Erbil,idp_out_camp,Erbil,387
21899,Erbil,idp_out_camp,Erbil,668
27214,Erbil,idp_out_camp,Erbil,203
20997,Erbil,idp_out_camp,Erbil,101
20790,Erbil,idp_out_camp,Erbil,295
33878,Erbil,idp_out_camp,Erbil,240
25630,Erbil,idp_out_camp,Erbil,870
24598,Koysinjaq,idp_out_camp,Koysinjaq,60
27222,Koysinjaq,idp_out_camp,Koysinjaq,15
24597,Koysinjaq,idp_out_camp,Koysinjaq,60
12371,Koysinjaq,idp_out_camp,Koysinjaq,55
24484,Koysinjaq,idp_out_camp,Koysinjaq,25
23280,Koysinjaq,idp_out_camp,Koysinjaq,95
33885,Koysinjaq,idp_out_camp,Koysinjaq,53
11887,Koysinjaq,idp_out_camp,Koysinjaq,98
13141,Rawanduz,idp_out_camp,Rawanduz,235
31780,Rawanduz,idp_out_camp,Rawanduz,12
27199,Rawanduz,idp_out_camp,Rawanduz,10
27198,Rawanduz,idp_out_camp,Rawanduz,10
12277,Rawanduz,idp_out_camp,Rawanduz,21
12597,Rawanduz,idp_out_camp,Rawanduz,40
27200,Rawanduz,idp_out_camp,Rawanduz,12
27225,Rawanduz,idp_out_camp,Rawanduz,35
13372,Shaqlawa,idp_out_camp,Shaqlawa,35
12172,Shaqlawa,idp_out_camp,Shaqlawa,125
12079,Shaqlawa,idp_out_camp,Shaqlawa,61
12948,Shaqlawa,idp_out_camp,Shaqlawa,82
23698,Shaqlawa,idp_out_camp,Shaqlawa,73
23713,Shaqlawa,idp_out_camp,Shaqlawa,90
12957,Shaqlawa,idp_out_camp,Shaqlawa,25
23741,Shaqlawa,idp_out_camp,Shaqlawa,71
23742,Shaqlawa,idp_out_camp,Shaqlawa,130
26060,Kerbela,idp_out_camp,Kerbela,35
14167,Kerbela,idp_out_camp,Kerbela,63
24285,Kerbela,idp_out_camp,Kerbela,468
14037,Kerbela,idp_out_camp,Kerbela,60
32057,Kerbela,idp_out_camp,Kerbela,50
25061,Kerbela,idp_out_camp,Kerbela,46
14324,Kerbela,idp_out_camp,Kerbela,10
25262,Kerbela,idp_out_camp,Kerbela,16
27265,Kerbela,idp_out_camp,Kerbela,10
25780,Kerbela,idp_out_camp,Kerbela,6
25358,Kerbela,idp_out_camp,Kerbela,9
24137,Kerbela,idp_out_camp,Kerbela,28
25869,Daquq,idp_out_camp,Daquq,32
25739,Daquq,idp_out_camp,Daquq,120
14786,Daquq,idp_out_camp,Daquq,65
33476,Daquq,idp_out_camp,Daquq,150
15110,Daquq,idp_out_camp,Daquq,100
21483,Daquq,idp_out_camp,Daquq,86
21453,Daquq,idp_out_camp,Daquq,114
33477,Daquq,idp_out_camp,Daquq,90
14960,Daquq,idp_out_camp,Daquq,85
14375,Dibis,idp_out_camp,Dibis,28
15449,Dibis,idp_out_camp,Dibis,110
15674,Dibis,idp_out_camp,Dibis,75
24632,Dibis,idp_out_camp,Dibis,55
24631,Dibis,idp_out_camp,Dibis,80
21016,Kirkuk,idp_out_camp,Kirkuk,420
31729,Kirkuk,idp_out_camp,Kirkuk,430
15550,Kirkuk,idp_out_camp,Kirkuk,579
31726,Kirkuk,idp_out_camp,Kirkuk,405
31728,Kirkuk,idp_out_camp,Kirkuk,490
24084,Kirkuk,idp_out_camp,Kirkuk,900
22296,Kirkuk,idp_out_camp,Kirkuk,2260
24453,Kirkuk,idp_out_camp,Kirkuk,330
15648,Kirkuk,idp_out_camp,Kirkuk,275
23900,Kirkuk,idp_out_camp,Kirkuk,145
20844,Al-Kahla,idp_out_camp,Al-Kahla,9
16835,Al-Kahla,idp_out_camp,Al-Kahla,10
15991,Al-Kahla,idp_out_camp,Al-Kahla,8
24808,Al-Kahla,idp_out_camp,Al-Kahla,15
22208,Al-Kahla,idp_out_camp,Al-Kahla,13
24532,Al-Kahla,idp_out_camp,Al-Kahla,107
23622,Al-Kahla,idp_out_camp,Al-Kahla,9
34009,Al-Baaj,idp_out_camp,Al-Baaj,213
34010,Al-Baaj,idp_out_camp,Al-Baaj,98
34014,Al-Baaj,idp_out_camp,Al-Baaj,121
34013,Al-Baaj,idp_out_camp,Al-Baaj,75
34012,Al-Baaj,idp_out_camp,Al-Baaj,80
34008,Al-Baaj,idp_out_camp,Al-Baaj,220
18349,Al-Baaj,idp_out_camp,Al-Baaj,126
34011,Al-Baaj,idp_out_camp,Al-Baaj,187
25816,Al-Hamdaniya,idp_out_camp,Al-Hamdaniya,27
24581,Al-Hamdaniya,idp_out_camp,Al-Hamdaniya,574
33475,Al-Hamdaniya,idp_out_camp,Al-Hamdaniya,48
12821,Al-Hamdaniya,idp_out_camp,Al-Hamdaniya,3628
17903,Al-Hamdaniya,idp_out_camp,Al-Hamdaniya,25
27271,Al-Hatra,idp_out_camp,Al-Hatra,157
33114,Al-Hatra,idp_out_camp,Al-Hatra,13
33115,Al-Hatra,idp_out_camp,Al-Hatra,6
33164,Al-Hatra,idp_out_camp,Al-Hatra,6
17126,Al-Hatra,idp_out_camp,Al-Hatra,29
24549,Al-Mosul,idp_out_camp,Al-Mosul,733
18314,Al-Mosul,idp_out_camp,Al-Mosul,684
23933,Al-Mosul,idp_out_camp,Al-Mosul,505
23875,Al-Mosul,idp_out_camp,Al-Mosul,588
21332,Al-Mosul,idp_out_camp,Al-Mosul,129
25066,Al-Mosul,idp_out_camp,Al-Mosul,285
18339,Al-Mosul,idp_out_camp,Al-Mosul,1287
18357,Al-Mosul,idp_out_camp,Al-Mosul,98
18346,Al-Mosul,idp_out_camp,Al-Mosul,430
21336,Al-Mosul,idp_out_camp,Al-Mosul,321
18368,Al-Mosul,idp_out_camp,Al-Mosul,209
18313,Al-Mosul,idp_out_camp,Al-Mosul,259
18370,Al-Mosul,idp_out_camp,Al-Mosul,348
17128,Al-Mosul,idp_out_camp,Al-Mosul,170
17338,Al-Shikhan,idp_out_camp,Al-Shikhan,70
25945,Al-Shikhan,idp_out_camp,Al-Shikhan,112
17752,Al-Shikhan,idp_out_camp,Al-Shikhan,672
17333,Al-Shikhan,idp_out_camp,Al-Shikhan,1524
17535,Al-Shikhan,idp_out_camp,Al-Shikhan,240
25278,Al-Shikhan,idp_out_camp,Al-Shikhan,8
18199,Al-Shikhan,idp_out_camp,Al-Shikhan,362
21008,Al-Shikhan,idp_out_camp,Al-Shikhan,183
8783,Aqra,idp_out_camp,Aqra,972
8776,Aqra,idp_out_camp,Aqra,105
24580,Aqra,idp_out_camp,Aqra,725
16953,Aqra,idp_out_camp,Aqra,61
17802,Aqra,idp_out_camp,Aqra,293
17734,Aqra,idp_out_camp,Aqra,1713
27361,Sinjar,idp_out_camp,Sinjar,113
27366,Sinjar,idp_out_camp,Sinjar,126
17928,Sinjar,idp_out_camp,Sinjar,908
27283,Sinjar,idp_out_camp,Sinjar,30
27285,Sinjar,idp_out_camp,Sinjar,160
17845,Sinjar,idp_out_camp,Sinjar,500
27362,Sinjar,idp_out_camp,Sinjar,267
23274,Sinjar,idp_out_camp,Sinjar,145
22490,Sinjar,idp_out_camp,Sinjar,225
32090,Sinjar,idp_out_camp,Sinjar,111
23273,Sinjar,idp_out_camp,Sinjar,285
22923,Telafar,idp_out_camp,Telafar,10
17814,Telafar,idp_out_camp,Telafar,27
28453,Telafar,idp_out_camp,Telafar,20
18262,Telafar,idp_out_camp,Telafar,17
18308,Telafar,idp_out_camp,Telafar,555
24701,Telafar,idp_out_camp,Telafar,153
28450,Telafar,idp_out_camp,Telafar,60
25687,Telafar,idp_out_camp,Telafar,37
25808,Telafar,idp_out_camp,Telafar,82
25944,Telafar,idp_out_camp,Telafar,130
25695,Telafar,idp_out_camp,Telafar,7
17134,Tilkaef,idp_out_camp,Tilkaef,119
22365,Tilkaef,idp_out_camp,Tilkaef,144
17830,Tilkaef,idp_out_camp,Tilkaef,15
24703,Tilkaef,idp_out_camp,Tilkaef,65
24637,Tilkaef,idp_out_camp,Tilkaef,22
18377,Tilkaef,idp_out_camp,Tilkaef,1557
17959,Tilkaef,idp_out_camp,Tilkaef,214
24600,Tilkaef,idp_out_camp,Tilkaef,461
23913,Balad,idp_out_camp,Balad,85
25916,Balad,idp_out_camp,Balad,90
25746,Balad,idp_out_camp,Balad,43
23920,Balad,idp_out_camp,Balad,99
25747,Balad,idp_out_camp,Balad,75
25742,Balad,idp_out_camp,Balad,76
20770,Balad,idp_out_camp,Balad,67
20771,Balad,idp_out_camp,Balad,100
20774,Balad,idp_out_camp,Balad,42
29601,Balad,idp_out_camp,Balad,30
24912,Balad,idp_out_camp,Balad,50
23140,Samarra,idp_out_camp,Samarra,100
21724,Samarra,idp_out_camp,Samarra,69
21725,Samarra,idp_out_camp,Samarra,234
20569,Samarra,idp_out_camp,Samarra,222
22474,Samarra,idp_out_camp,Samarra,62
21588,Samarra,idp_out_camp,Samarra,219
21590,Samarra,idp_out_camp,Samarra,229
23877,Samarra,idp_out_camp,Samarra,51
25518,Samarra,idp_out_camp,Samarra,49
23876,Samarra,idp_out_camp,Samarra,124
20675,Samarra,idp_out_camp,Samarra,144
22473,Samarra,idp_out_camp,Samarra,418
24247,Tikrit,idp_out_camp,Tikrit,160
28449,Tikrit,idp_out_camp,Tikrit,210
21592,Tikrit,idp_out_camp,Tikrit,165
23145,Tikrit,idp_out_camp,Tikrit,43
24212,Tikrit,idp_out_camp,Tikrit,43
25923,Tikrit,idp_out_camp,Tikrit,140
22468,Tikrit,idp_out_camp,Tikrit,216
24211,Tikrit,idp_out_camp,Tikrit,95
20618,Tikrit,idp_out_camp,Tikrit,65
22058,Tikrit,idp_out_camp,Tikrit,103
27367,Tikrit,idp_out_camp,Tikrit,20
25962,Tikrit,idp_out_camp,Tikrit,22
25866,Tooz Khurmato,idp_out_camp,Tooz Khurmato,732
25748,Tooz Khurmato,idp_out_camp,Tooz Khurmato,57
25754,Tooz Khurmato,idp_out_camp,Tooz Khurmato,559
25872,Tooz Khurmato,idp_out_camp,Tooz Khurmato,273
25752,Tooz Khurmato,idp_out_camp,Tooz Khurmato,628
20405,Tooz Khurmato,idp_out_camp,Tooz Khurmato,47
25868,Tooz Khurmato,idp_out_camp,Tooz Khurmato,297
33153,Tooz Khurmato,idp_out_camp,Tooz Khurmato,100
25870,Tooz Khurmato,idp_out_camp,Tooz Khurmato,380
10301,Al-Nasiriya,idp_out_camp,Al-Nasiriya,9
9396,Al-Nasiriya,idp_out_camp,Al-Nasiriya,15
24494,Al-Nasiriya,idp_out_camp,Al-Nasiriya,7
10259,Al-Nasiriya,idp_out_camp,Al-Nasiriya,17
21208,Al-Nasiriya,idp_out_camp,Al-Nasiriya,7
9427,Al-Nasiriya,idp_out_camp,Al-Nasiriya,15
10335,Al-Nasiriya,idp_out_camp,Al-Nasiriya,10
23683,Al-Nasiriya,idp_out_camp,Al-Nasiriya,15
10263,Al-Nasiriya,idp_out_camp,Al-Nasiriya,14
10260,Al-Nasiriya,idp_out_camp,Al-Nasiriya,28
19555,Al-Kut,idp_out_camp,Al-Kut,20
25322,Al-Kut,idp_out_camp,Al-Kut,10
27277,Al-Kut,idp_out_camp,Al-Kut,12
27275,Al-Kut,idp_out_camp,Al-Kut,20
19070,Al-Kut,idp_out_camp,Al-Kut,10
23256,Al-Kut,idp_out_camp,Al-Kut,54
27278,Al-Kut,idp_out_camp,Al-Kut,12
24786,Al-Kut,idp_out_camp,Al-Kut,10
27383,Al-Kut,idp_out_camp,Al-Kut,14
19548,Al-Kut,idp_out_camp,Al-Kut,28
25103,Al-Kut,idp_out_camp,Al-Kut,25
25106,Al-Kut,idp_out_camp,Al-Kut,25
24261,Al-Kut,idp_out_camp,Al-Kut,58
106,Zakho,returnee,Zakho,1176
23792,Al-Kaim,returnee,Al-Kaim,944
18349,Al-Baaj,returnee,Al-Baaj,352
34013,Al-Baaj,returnee,Al-Baaj,185
34069,Al-Baaj,returnee,Al-Baaj,50
34011,Al-Baaj,returnee,Al-Baaj,641
34090,Al-Baaj,returnee,Al-Baaj,23
17131,Al-Hamdaniya,returnee,Al-Hamdaniya,4100
22214,Al-Hamdaniya,returnee,Al-Hamdaniya,865
17903,Al-Hamdaniya,returnee,Al-Hamdaniya,135
29613,Al-Hamdaniya,returnee,Al-Hamdaniya,565
17386,Al-Hamdaniya,returnee,Al-Hamdaniya,220
17373,Al-Hamdaniya,returnee,Al-Hamdaniya,1000
21939,Al-Hamdaniya,returnee,Al-Hamdaniya,647
17399,Al-Hamdaniya,returnee,Al-Hamdaniya,391
22216,Al-Hamdaniya,returnee,Al-Hamdaniya,166
17376,Al-Hamdaniya,returnee,Al-Hamdaniya,936
22433,Al-Hamdaniya,returnee,Al-Hamdaniya,58
23699,Al-Hamdaniya,returnee,Al-Hamdaniya,1500
17930,Al-Hamdaniya,returnee,Al-Hamdaniya,774
18267,Al-Shikhan,returnee,Al-Shikhan,6
21648,Al-Shikhan,returnee,Al-Shikhan,25
17875,Al-Shikhan,returnee,Al-Shikhan,46
17051,Al-Shikhan,returnee,Al-Shikhan,26
17049,Al-Shikhan,returnee,Al-Shikhan,63
17045,Al-Shikhan,returnee,Al-Shikhan,100
33774,Al-Hatra,returnee,Al-Hatra,48
33859,Al-Hatra,returnee,Al-Hatra,120
22606,Al-Falluja,returnee,Al-Falluja,1180
27271,Al-Hatra,returnee,Al-Hatra,2400
33991,Al-Hatra,returnee,Al-Hatra,76
33728,Al-Hatra,returnee,Al-Hatra,50
318,Al-Falluja,returnee,Al-Falluja,2216
33393,Al-Hatra,returnee,Al-Hatra,302
33193,Al-Hatra,returnee,Al-Hatra,27
17126,Al-Hatra,returnee,Al-Hatra,920
33861,Al-Hatra,returnee,Al-Hatra,200
33265,Al-Mosul,returnee,Al-Mosul,597
33289,Al-Mosul,returnee,Al-Mosul,893
33257,Al-Mosul,returnee,Al-Mosul,942
277,Al-Kaim,returnee,Al-Kaim,1364
21201,Al-Falluja,returnee,Al-Falluja,1058
33252,Al-Mosul,returnee,Al-Mosul,1351
33404,Tilkaef,returnee,Tilkaef,45
33342,Al-Falluja,returnee,Al-Falluja,3135
31775,Al-Mosul,returnee,Al-Mosul,3000
33174,Tilkaef,returnee,Tilkaef,1203
18367,Al-Mosul,returnee,Al-Mosul,2367
31912,Al-Mosul,returnee,Al-Mosul,3300
23811,Haditha,returnee,Haditha,210
24315,Haditha,returnee,Haditha,260
21007,Al-Mosul,returnee,Al-Mosul,3538
23812,Haditha,returnee,Haditha,220
21258,Al-Mosul,returnee,Al-Mosul,2764
18372,Al-Mosul,returnee,Al-Mosul,2323
33820,Haditha,returnee,Haditha,143
21580,Al-Mosul,returnee,Al-Mosul,544
23813,Haditha,returnee,Haditha,115
18369,Al-Mosul,returnee,Al-Mosul,817
272,Al-Kaim,returnee,Al-Kaim,614
79,Haditha,returnee,Haditha,145
18009,Al-Mosul,returnee,Al-Mosul,1200
20782,Al-Mosul,returnee,Al-Mosul,494
27285,Sinjar,returnee,Sinjar,1923
33655,Sinjar,returnee,Sinjar,13
34036,Sinjar,returnee,Sinjar,119
27399,Sinjar,returnee,Sinjar,160
33998,Sinjar,returnee,Sinjar,137
34038,Sinjar,returnee,Sinjar,390
18048,Sinjar,returnee,Sinjar,650
27358,Sinjar,returnee,Sinjar,81
33651,Sinjar,returnee,Sinjar,43
24117,Haditha,returnee,Haditha,50
33873,Sinjar,returnee,Sinjar,45
23274,Sinjar,returnee,Sinjar,89
23820,Haditha,returnee,Haditha,380
27287,Sinjar,returnee,Sinjar,731
17928,Sinjar,returnee,Sinjar,1021
18016,Sinjar,returnee,Sinjar,354
17617,Telafar,returnee,Telafar,900
23817,Haditha,returnee,Haditha,214
25807,Telafar,returnee,Telafar,208
23822,Haditha,returnee,Haditha,304
24109,Haditha,returnee,Haditha,587
27304,Telafar,returnee,Telafar,963
23648,Telafar,returnee,Telafar,175
17625,Telafar,returnee,Telafar,305
34048,Telafar,returnee,Telafar,703
21264,Heet,returnee,Heet,1376
28439,Telafar,returnee,Telafar,111
18302,Telafar,returnee,Telafar,2305
33212,Telafar,returnee,Telafar,13
66,Al-Kaim,returnee,Al-Kaim,750
22446,Telafar,returnee,Telafar,425
33420,Telafar,returnee,Telafar,890
25944,Telafar,returnee,Telafar,4150
25809,Telafar,returnee,Telafar,652
27356,Telafar,returnee,Telafar,115
21603,Tilkaef,returnee,Tilkaef,930
17949,Tilkaef,returnee,Tilkaef,250
33445,Tilkaef,returnee,Tilkaef,205
24682,Tilkaef,returnee,Tilkaef,3600
17133,Tilkaef,returnee,Tilkaef,1875
33541,Al-Shikhan,returnee,Al-Shikhan,33
17602,Tilkaef,returnee,Tilkaef,220
17600,Tilkaef,returnee,Tilkaef,162
21601,Tilkaef,returnee,Tilkaef,1605
23415,Tilkaef,returnee,Tilkaef,143
21605,Tilkaef,returnee,Tilkaef,140
17788,Tilkaef,returnee,Tilkaef,500
26077,Al-Daur,returnee,Al-Daur,1219
20587,Al-Daur,returnee,Al-Daur,1485
26078,Al-Daur,returnee,Al-Daur,831
152,Heet,returnee,Heet,654
26116,Al-Daur,returnee,Al-Daur,2826
20746,Al-Daur,returnee,Al-Daur,637
20713,Al-Daur,returnee,Al-Daur,748
26080,Al-Daur,returnee,Al-Daur,586
26079,Al-Daur,returnee,Al-Daur,910
26082,Al-Daur,returnee,Al-Daur,350
26081,Al-Daur,returnee,Al-Daur,253
28420,Balad,returnee,Balad,526
25947,Balad,returnee,Balad,543
33790,Balad,returnee,Balad,399
33124,Beygee,returnee,Beygee,1045
20613,Al-Shirqat,returnee,Al-Shirqat,1049
33126,Al-Shirqat,returnee,Al-Shirqat,907
21955,Al-Shirqat,returnee,Al-Shirqat,760
20588,Al-Shirqat,returnee,Al-Shirqat,861
21347,Al-Shirqat,returnee,Al-Shirqat,164
21004,Al-Shirqat,returnee,Al-Shirqat,894
33122,Al-Shirqat,returnee,Al-Shirqat,1746
21002,Al-Shirqat,returnee,Al-Shirqat,200
33402,Al-Shirqat,returnee,Al-Shirqat,422
21349,Al-Shirqat,returnee,Al-Shirqat,445
29655,Al-Shirqat,returnee,Al-Shirqat,459
29652,Al-Shirqat,returnee,Al-Shirqat,395
33957,Heet,returnee,Heet,193
33123,Al-Shirqat,returnee,Al-Shirqat,1126
29654,Al-Shirqat,returnee,Al-Shirqat,342
100,Heet,returnee,Heet,1168
33369,Beygee,returnee,Beygee,638
23388,Beygee,returnee,Beygee,315
22581,Beygee,returnee,Beygee,459
24304,Beygee,returnee,Beygee,882
20607,Beygee,returnee,Beygee,396
33434,Beygee,returnee,Beygee,412
23647,Al-Kaim,returnee,Al-Kaim,603
23435,Beygee,returnee,Beygee,2182
20689,Beygee,returnee,Beygee,152
20720,Beygee,returnee,Beygee,1959
137,Heet,returnee,Heet,275
22813,Beygee,returnee,Beygee,650
20866,Beygee,returnee,Beygee,298
24305,Samarra,returnee,Samarra,260
33715,Samarra,returnee,Samarra,110
25742,Balad,returnee,Balad,380
33954,Heet,returnee,Heet,546
20773,Balad,returnee,Balad,510
33437,Balad,returnee,Balad,647
23056,Balad,returnee,Balad,551
20770,Balad,returnee,Balad,413
29565,Balad,returnee,Balad,5832
20767,Balad,returnee,Balad,513
20673,Samarra,returnee,Samarra,983
29539,Samarra,returnee,Samarra,2935
20674,Samarra,returnee,Samarra,832
20695,Samarra,returnee,Samarra,488
33608,Samarra,returnee,Samarra,380
25926,Samarra,returnee,Samarra,507
20752,Samarra,returnee,Samarra,2348
21473,Heet,returnee,Heet,186
25960,Tikrit,returnee,Tikrit,1155
20638,Tikrit,returnee,Tikrit,800
20666,Tikrit,returnee,Tikrit,615
33824,Heet,returnee,Heet,523
25922,Tikrit,returnee,Tikrit,2152
23848,Heet,returnee,Heet,400
21592,Tikrit,returnee,Tikrit,765
25950,Tikrit,returnee,Tikrit,530
163,Heet,returnee,Heet,1033
25949,Tikrit,returnee,Tikrit,400
22331,Tikrit,returnee,Tikrit,507
22965,Tikrit,returnee,Tikrit,130
27367,Tikrit,returnee,Tikrit,370
21357,Tikrit,returnee,Tikrit,1268
23702,Tikrit,returnee,Tikrit,1271
25961,Tikrit,returnee,Tikrit,416
33823,Heet,returnee,Heet,275
23145,Tikrit,returnee,Tikrit,750
20484,Tooz Khurmato,returnee,Tooz Khurmato,328
25754,Tooz Khurmato,returnee,Tooz Khurmato,43
23788,Al-Kaim,returnee,Al-Kaim,385
271,Al-Kaim,returnee,Al-Kaim,161
25866,Tooz Khurmato,returnee,Tooz Khurmato,2488
25868,Tooz Khurmato,returnee,Tooz Khurmato,1231
21103,Tooz Khurmato,returnee,Tooz Khurmato,169
25750,Tooz Khurmato,returnee,Tooz Khurmato,211
27234,Tooz Khurmato,returnee,Tooz Khurmato,85
20529,Tooz Khurmato,returnee,Tooz Khurmato,1485
228,Heet,returnee,Heet,1649
41,Heet,returnee,Heet,296
33953,Heet,returnee,Heet,703
23793,Al-Kaim,returnee,Al-Kaim,245
23791,Al-Kaim,returnee,Al-Kaim,459
262,Ana,returnee,Ana,254
264,Ana,returnee,Ana,288
23861,Ana,returnee,Ana,237
23859,Ana,returnee,Ana,420
200,Ana,returnee,Ana,217
29579,Al-Ramadi,returnee,Al-Ramadi,2294
133,Al-Ramadi,returnee,Al-Ramadi,1341
29561,Al-Ramadi,returnee,Al-Ramadi,1316
20939,Al-Ramadi,returnee,Al-Ramadi,1184
297,Al-Ramadi,returnee,Al-Ramadi,1994
25650,Al-Ramadi,returnee,Al-Ramadi,1702
29534,Al-Ramadi,returnee,Al-Ramadi,1601
204,Al-Ramadi,returnee,Al-Ramadi,1802
23891,Al-Ramadi,returnee,Al-Ramadi,945
33832,Al-Ramadi,returnee,Al-Ramadi,1358
113,Al-Ramadi,returnee,Al-Ramadi,1881
156,Al-Kaim,returnee,Al-Kaim,513
21086,Al-Ramadi,returnee,Al-Ramadi,1775
23023,Al-Ramadi,returnee,Al-Ramadi,2007
34016,Al-Ramadi,returnee,Al-Ramadi,1200
29475,Al-Ramadi,returnee,Al-Ramadi,5509
25441,Al-Ramadi,returnee,Al-Ramadi,1634
33302,Al-Kadhmiyah,returnee,Al-Kadhmiyah,61
32034,Al-Mahmoudiya,returnee,Al-Mahmoudiya,101
29532,Al-Mahmoudiya,returnee,Al-Mahmoudiya,118
31710,Al-Kadhmiyah,returnee,Al-Kadhmiyah,260
32036,Al-Kadhmiyah,returnee,Al-Kadhmiyah,135
22541,Al-Kadhmiyah,returnee,Al-Kadhmiyah,180
25168,Al-Kadhmiyah,returnee,Al-Kadhmiyah,311
21477,Ana,returnee,Ana,228
25163,Al-Kadhmiyah,returnee,Al-Kadhmiyah,175
22611,Al-Kadhmiyah,returnee,Al-Kadhmiyah,76
25164,Al-Kadhmiyah,returnee,Al-Kadhmiyah,238
32101,Al-Mahmoudiya,returnee,Al-Mahmoudiya,190
29525,Al-Mahmoudiya,returnee,Al-Mahmoudiya,49
33175,Al-Kaim,returnee,Al-Kaim,159
33105,Al-Mussyab,returnee,Al-Mussyab,295
29523,Al-Mahmoudiya,returnee,Al-Mahmoudiya,1050
7682,Al-Mahmoudiya,returnee,Al-Mahmoudiya,615
33109,Al-Mussyab,returnee,Al-Mussyab,175
33183,Al-Mahmoudiya,returnee,Al-Mahmoudiya,300
33107,Al-Mahmoudiya,returnee,Al-Mahmoudiya,200
33225,Al-Mahmoudiya,returnee,Al-Mahmoudiya,350
7685,Al-Mahmoudiya,returnee,Al-Mahmoudiya,106
29528,Al-Mahmoudiya,returnee,Al-Mahmoudiya,210
22382,Al-Mahmoudiya,returnee,Al-Mahmoudiya,210
33110,Al-Mussyab,returnee,Al-Mussyab,300
7350,Al-Mahmoudiya,returnee,Al-Mahmoudiya,400
33104,Al-Mahmoudiya,returnee,Al-Mahmoudiya,120
33458,Al-Kadhmiyah,returnee,Al-Kadhmiyah,94
33469,Al-Kadhmiyah,returnee,Al-Kadhmiyah,78
33478,Al-Kadhmiyah,returnee,Al-Kadhmiyah,86
33764,Al-Kadhmiyah,returnee,Al-Kadhmiyah,33
33511,Al-Kadhmiyah,returnee,Al-Kadhmiyah,91
23620,Zakho,returnee,Zakho,128
26074,Al-Khalis,returnee,Al-Khalis,135
25676,Al-Khalis,returnee,Al-Khalis,150
231,Al-Rutba,returnee,Al-Rutba,344
25669,Al-Khalis,returnee,Al-Khalis,200
233,Al-Rutba,returnee,Al-Rutba,697
11270,Al-Khalis,returnee,Al-Khalis,126
165,Al-Rutba,returnee,Al-Rutba,256
26058,Al-Khalis,returnee,Al-Khalis,271
23935,Al-Rutba,returnee,Al-Rutba,420
150,Al-Rutba,returnee,Al-Rutba,555
26075,Al-Khalis,returnee,Al-Khalis,200
25682,Al-Khalis,returnee,Al-Khalis,250
28463,Al-Khalis,returnee,Al-Khalis,90
25655,Al-Khalis,returnee,Al-Khalis,305
25678,Al-Khalis,returnee,Al-Khalis,164
167,Al-Rutba,returnee,Al-Rutba,986
25672,Al-Khalis,returnee,Al-Khalis,240
25677,Al-Khalis,returnee,Al-Khalis,127
25653,Al-Khalis,returnee,Al-Khalis,262
23888,Al-Rutba,returnee,Al-Rutba,751
166,Al-Rutba,returnee,Al-Rutba,479
25673,Al-Khalis,returnee,Al-Khalis,549
26115,Al-Muqdadiya,returnee,Al-Muqdadiya,888
10948,Al-Muqdadiya,returnee,Al-Muqdadiya,52
11179,Al-Muqdadiya,returnee,Al-Muqdadiya,350
25805,Al-Muqdadiya,returnee,Al-Muqdadiya,160
109,Ana,returnee,Ana,293
25804,Al-Muqdadiya,returnee,Al-Muqdadiya,380
25948,Al-Muqdadiya,returnee,Al-Muqdadiya,498
11355,Al-Muqdadiya,returnee,Al-Muqdadiya,312
11440,Al-Muqdadiya,returnee,Al-Muqdadiya,475
253,Ana,returnee,Ana,191
25668,Al-Muqdadiya,returnee,Al-Muqdadiya,82
26027,Al-Muqdadiya,returnee,Al-Muqdadiya,63
25657,Al-Muqdadiya,returnee,Al-Muqdadiya,205
26030,Al-Muqdadiya,returnee,Al-Muqdadiya,169
11442,Al-Muqdadiya,returnee,Al-Muqdadiya,390
11312,Al-Khalis,returnee,Al-Khalis,122
25674,Al-Muqdadiya,returnee,Al-Muqdadiya,29
31762,Khanaqin,returnee,Khanaqin,475
23799,Ana,returnee,Ana,166
31753,Khanaqin,returnee,Khanaqin,350
31749,Khanaqin,returnee,Khanaqin,200
248,Ana,returnee,Ana,184
31768,Khanaqin,returnee,Khanaqin,31
33585,Khanaqin,returnee,Khanaqin,295
249,Ana,returnee,Ana,246
32021,Khanaqin,returnee,Khanaqin,325
31761,Khanaqin,returnee,Khanaqin,425
31765,Khanaqin,returnee,Khanaqin,325
29570,Khanaqin,returnee,Khanaqin,300
31754,Khanaqin,returnee,Khanaqin,355
29630,Khanaqin,returnee,Khanaqin,340
251,Ana,returnee,Ana,207
31752,Khanaqin,returnee,Khanaqin,410
252,Ana,returnee,Ana,243
29564,Khanaqin,returnee,Khanaqin,378
31764,Khanaqin,returnee,Khanaqin,275
13500,Makhmour,returnee,Makhmour,160
13352,Makhmour,returnee,Makhmour,2226
13675,Makhmour,returnee,Makhmour,650
12461,Makhmour,returnee,Makhmour,117
13674,Makhmour,returnee,Makhmour,480
22976,Makhmour,returnee,Makhmour,270
169,Al-Falluja,returnee,Al-Falluja,2936
13516,Makhmour,returnee,Makhmour,65
33846,Makhmour,returnee,Makhmour,41
12512,Makhmour,returnee,Makhmour,65
13501,Makhmour,returnee,Makhmour,300
15006,Al-Hawiga,returnee,Al-Hawiga,81
15594,Al-Hawiga,returnee,Al-Hawiga,840
21321,Al-Falluja,returnee,Al-Falluja,1000
33287,Al-Hawiga,returnee,Al-Hawiga,218
15275,Al-Hawiga,returnee,Al-Hawiga,1513
15250,Al-Hawiga,returnee,Al-Hawiga,319
33780,Al-Falluja,returnee,Al-Falluja,110
15191,Al-Hawiga,returnee,Al-Hawiga,1519
33576,Al-Hawiga,returnee,Al-Hawiga,90
15242,Al-Hawiga,returnee,Al-Hawiga,237
24362,Al-Hawiga,returnee,Al-Hawiga,1560
14555,Beygee,returnee,Beygee,661
33291,Al-Hawiga,returnee,Al-Hawiga,96
15264,Al-Hawiga,returnee,Al-Hawiga,300
287,Al-Kaim,returnee,Al-Kaim,295
15416,Al-Hawiga,returnee,Al-Hawiga,684
15368,Al-Hawiga,returnee,Al-Hawiga,108
176,Al-Falluja,returnee,Al-Falluja,2769
15271,Beygee,returnee,Beygee,430
15614,Al-Hawiga,returnee,Al-Hawiga,164
148,Al-Falluja,returnee,Al-Falluja,2227
15674,Dibis,returnee,Dibis,15
14375,Dibis,returnee,Dibis,866
33384,Dibis,returnee,Dibis,25
15463,Dibis,returnee,Dibis,80
33383,Dibis,returnee,Dibis,40
14407,Dibis,returnee,Dibis,135
29631,Daquq,returnee,Daquq,75
15139,Daquq,returnee,Daquq,95
14864,Daquq,returnee,Daquq,25
14788,Daquq,returnee,Daquq,90
125,Al-Falluja,returnee,Al-Falluja,3662
21814,Daquq,returnee,Daquq,210
31725,Daquq,returnee,Daquq,90
33477,Daquq,returnee,Daquq,80
14786,Daquq,returnee,Daquq,120
14763,Kirkuk,returnee,Kirkuk,5500
33112,Daquq,returnee,Daquq,40
28410,Kirkuk,returnee,Kirkuk,50
31726,Kirkuk,returnee,Kirkuk,1000
15442,Kirkuk,returnee,Kirkuk,1500
14567,Daquq,returnee,Daquq,74
299,Al-Falluja,returnee,Al-Falluja,2838
21702,Kirkuk,returnee,Kirkuk,4000
31727,Kirkuk,returnee,Kirkuk,1100
14530,Kirkuk,returnee,Kirkuk,4450
14984,Kirkuk,returnee,Kirkuk,150
22289,Kirkuk,returnee,Kirkuk,1125
33467,Al-Falluja,returnee,Al-Falluja,570
24084,Kirkuk,returnee,Kirkuk,250
25556,Kirkuk,returnee,Kirkuk,3000
25708,Kirkuk,returnee,Kirkuk,85
324,Al-Falluja,returnee,Al-Falluja,871
34010,Al-Baaj,returnee,Al-Baaj,187
34014,Al-Baaj,returnee,Al-Baaj,346
33431,Al-Baaj,returnee,Al-Baaj,42
33854,Al-Baaj,returnee,Al-Baaj,275
34082,Al-Baaj,returnee,Al-Baaj,20
33856,Al-Baaj,returnee,Al-Baaj,25
34027,Al-Baaj,returnee,Al-Baaj,58
34008,Al-Baaj,returnee,Al-Baaj,357
34009,Al-Baaj,returnee,Al-Baaj,400
33915,Al-Baaj,returnee,Al-Baaj,55
22134,Al-Falluja,returnee,Al-Falluja,2121
