"Governorate","district","psu","Location.Name","popgroup","pop","stratum"
"Al-Anbar","al.falluja",33940,"Amriyat Al-Fallujahsector 3","idp",115,"al.fallujaidp"
"Al-Anbar","al.falluja",107,"Al Amiriyah","idp",658,"al.fallujaidp"
"Al-Anbar","al.falluja",26088,"Ahl Al-Ramadi 74","idp",64,"al.fallujaidp"
"Al-Anbar","al.falluja",26092,"Al-Amirya-Al Mouilha","idp",241,"al.fallujaidp"
"Al-Anbar","al.falluja",33941,"Amriyat Al-Fallujahsector 50","idp",75,"al.fallujaidp"
"Al-Anbar","al.falluja",26087,"Al-Amirya-Albu Salman","idp",173,"al.fallujaidp"
"Al-Anbar","al.falluja",26036,"Al-Amirya-Albu Jasim","idp",19,"al.fallujaidp"
"Al-Anbar","al.falluja",26085,"Al-Amirya-Albu Jaber","idp",218,"al.fallujaidp"
"Al-Anbar","al.falluja",33939,"Amriyat Al-Fallujah sector 4","idp",112,"al.fallujaidp"
"Al-Anbar","al.falluja",26037,"Al-Amirya-Albu Jwad","idp",160,"al.fallujaidp"
"Al-Anbar","al.falluja",26091,"Al-Amirya-Al Hmedin","idp",110,"al.fallujaidp"
"Al-Anbar","al.falluja",23853,"Hay Al-Madani","idp",12,"al.fallujaidp"
"Al-Anbar","al.ramadi",23858,"Abu Fless","idp",57,"al.ramadiidp"
"Al-Anbar","al.ramadi",33826,"AL-Karama complex","idp",77,"al.ramadiidp"
"Al-Anbar","al.ramadi",23889,"7 Killo-al-mojamaa al-sakany","idp",474,"al.ramadiidp"
"Al-Anbar","al.ramadi",308,"5 Kilo","idp",129,"al.ramadiidp"
"Al-Anbar","al.ramadi",115,"Al Sofeya","idp",225,"al.ramadiidp"
"Al-Anbar","al.ramadi",182,"Qadisiya-1","idp",53,"al.ramadiidp"
"Al-Anbar","al.rutba",166,"Hay Al Meethagh","idp",100,"al.rutbaidp"
"Al-Anbar","al.rutba",231,"Al Wadi","idp",86,"al.rutbaidp"
"Al-Anbar","al.rutba",165,"Al Askaree","idp",80,"al.rutbaidp"
"Al-Anbar","al.rutba",150,"Al Haara","idp",54,"al.rutbaidp"
"Al-Anbar","al.rutba",167,"Antesar","idp",63,"al.rutbaidp"
"Al-Anbar","al.rutba",23935,"Al-Daraemah Village","idp",40,"al.rutbaidp"
"Al-Anbar","al.rutba",233,"Hay Al-Matar","idp",43,"al.rutbaidp"
"Al-Anbar","al.rutba",23888,"Gharb Al-Wadi","idp",20,"al.rutbaidp"
"Al-Anbar","heet",34002,"Al-shuhdaa  1","idp",28,"heetidp"
"Al-Anbar","heet",152,"Al Muhamdee","idp",65,"heetidp"
"Al-Anbar","heet",312,"Al-Ummal","idp",16,"heetidp"
"Al-Anbar","heet",219,"Hay Al-Jabal","idp",48,"heetidp"
"Al-Anbar","heet",33822,"Hay- Amina","idp",8,"heetidp"
"Al-Anbar","heet",23885,"Hay Al-jamyah 2","idp",14,"heetidp"
"Al-Basrah","al.basrah",857,"As-safat-Al Qadima","idp",6,"al.basrahidp"
"Al-Basrah","al.basrah",21097,"Manawi Lajim Quarter","idp",17,"al.basrahidp"
"Al-Basrah","al.basrah",1308,"Al-Baker & Al-Ahrar","idp",8,"al.basrahidp"
"Al-Basrah","al.basrah",847,"Al-meshraq al-qadeem","idp",10,"al.basrahidp"
"Al-Basrah","al.basrah",891,"Manawi pasha","idp",12,"al.basrahidp"
"Al-Basrah","al.basrah",24126,"Hay Al Jamiah","idp",10,"al.basrahidp"
"Al-Basrah","al.basrah",907,"Braiha","idp",7,"al.basrahidp"
"Al-Basrah","al.basrah",893,"Kut al-hejaj","idp",10,"al.basrahidp"
"Al-Basrah","al.basrah",898,"Al Khaleej1","idp",6,"al.basrahidp"
"Al-Basrah","al.basrah",1295,"Door Al Dubbat","idp",9,"al.basrahidp"
"Al-Basrah","al.basrah",24182,"Casino Lebnan","idp",10,"al.basrahidp"
"Al-Najaf","al.kufa",20340,"Al Hureya","idp",6,"al.kufaidp"
"Al-Najaf","al.kufa",25890,"Sader 3","idp",15,"al.kufaidp"
"Al-Najaf","al.kufa",20298,"Al Barakiya","idp",68,"al.kufaidp"
"Al-Najaf","al.kufa",20046,"Al Kreishat 2","idp",6,"al.kufaidp"
"Al-Najaf","al.kufa",24311,"Alwat Al Fahal","idp",125,"al.kufaidp"
"Al-Najaf","al.kufa",20304,"AL-RADHAWIYA","idp",253,"al.kufaidp"
"Al-Najaf","al.najaf",29598,"Al Salam Complex","idp",185,"al.najafidp"
"Al-Najaf","al.najaf",34007,"Hay AL Karrar","idp",250,"al.najafidp"
"Al-Najaf","al.najaf",20341,"Al-Qasim","idp",60,"al.najafidp"
"Al-Najaf","al.najaf",25431,"Hay Al Ameer","idp",67,"al.najafidp"
"Al-Najaf","al.najaf",29658,"Al-Shaheed Al-Sadar-Shareet","idp",42,"al.najafidp"
"Al-Najaf","al.najaf",26015,"Al-Ameriya","idp",10,"al.najafidp"
"Al-Najaf","al.najaf",29621,"Mazara Al-Hawli","idp",120,"al.najafidp"
"Al-Najaf","al.najaf",20338,"AL JEDAIDA","idp",56,"al.najafidp"
"Al-Najaf","al.najaf",20287,"Al-Ghadeer Village complex","idp",100,"al.najafidp"
"Al-Najaf","al.najaf",20122,"Hay missan 230","idp",65,"al.najafidp"
"Al-Qadissiya","al.diwaniya",25568,"Hay Al-Amin 2","idp",11,"al.diwaniyaidp"
"Al-Qadissiya","al.diwaniya",25070,"Hay Al-Hussain","idp",7,"al.diwaniyaidp"
"Al-Qadissiya","al.diwaniya",24436,"Albo Hasan village","idp",10,"al.diwaniyaidp"
"Al-Qadissiya","al.diwaniya",24903,"Hay Al Sadir 2","idp",8,"al.diwaniyaidp"
"Al-Qadissiya","al.diwaniya",2943,"Al hamad village","idp",20,"al.diwaniyaidp"
"Al-Qadissiya","al.diwaniya",22815,"Hay Al Jumhori Al Sharqi","idp",7,"al.diwaniyaidp"
"Al-Qadissiya","al.diwaniya",22326,"Al Mojamaa Al Sakani","idp",33,"al.diwaniyaidp"
"Al-Qadissiya","al.diwaniya",23681,"Hay Al Furat-2","idp",6,"al.diwaniyaidp"
"Al-Qadissiya","al.diwaniya",23715,"Hay Al-Hadarah","idp",12,"al.diwaniyaidp"
"Al-Qadissiya","al.diwaniya",22452,"Qaryat Al Ensaf","idp",18,"al.diwaniyaidp"
"Al-Qadissiya","al.diwaniya",25509,"Al-Taamem-2","idp",6,"al.diwaniyaidp"
"Al-Sulaymaniyah","al.sulaymaniyah",5808,"Bazyan-shwankara","idp",35,"al.sulaymaniyahidp"
"Al-Sulaymaniyah","al.sulaymaniyah",5930,"Wluba 326","idp",163,"al.sulaymaniyahidp"
"Al-Sulaymaniyah","al.sulaymaniyah",23926,"Dargazen","idp",39,"al.sulaymaniyahidp"
"Al-Sulaymaniyah","al.sulaymaniyah",21021,"Sabun karan Qt","idp",64,"al.sulaymaniyahidp"
"Al-Sulaymaniyah","al.sulaymaniyah",5122,"Arbat-Kharajian","idp",7,"al.sulaymaniyahidp"
"Al-Sulaymaniyah","al.sulaymaniyah",5744,"Bardakar","idp",59,"al.sulaymaniyahidp"
"Al-Sulaymaniyah","al.sulaymaniyah",21033,"Tavga","idp",90,"al.sulaymaniyahidp"
"Al-Sulaymaniyah","al.sulaymaniyah",21036,"Farmanbaran","idp",163,"al.sulaymaniyahidp"
"Al-Sulaymaniyah","al.sulaymaniyah",5737,"Awbara","idp",194,"al.sulaymaniyahidp"
"Al-Sulaymaniyah","al.sulaymaniyah",33357,"Mushirawa 406 & 206","idp",51,"al.sulaymaniyahidp"
"Al-Sulaymaniyah","al.sulaymaniyah",4441,"Sarchnar","idp",432,"al.sulaymaniyahidp"
"Al-Sulaymaniyah","al.sulaymaniyah",33348,"Chwar chra New","idp",13,"al.sulaymaniyahidp"
"Al-Sulaymaniyah","al.sulaymaniyah",24816,"Saib City","idp",235,"al.sulaymaniyahidp"
"Al-Sulaymaniyah","al.sulaymaniyah",24255,"Sarwary 142","idp",104,"al.sulaymaniyahidp"
"Al-Sulaymaniyah","al.sulaymaniyah",31982,"Handren 109","idp",41,"al.sulaymaniyahidp"
"Al-Sulaymaniyah","al.sulaymaniyah",31988,"Khwar kurdsat 134","idp",63,"al.sulaymaniyahidp"
"Al-Sulaymaniyah","chamchamal",21719,"Shahidan","idp",6,"chamchamalidp"
"Al-Sulaymaniyah","chamchamal",3461,"hashazini","idp",6,"chamchamalidp"
"Al-Sulaymaniyah","chamchamal",33380,"Awa Spi","idp",37,"chamchamalidp"
"Al-Sulaymaniyah","chamchamal",24894,"Chamchamal-Raparin","idp",184,"chamchamalidp"
"Al-Sulaymaniyah","chamchamal",6159,"Chamchamal-Rizgari","idp",33,"chamchamalidp"
"Al-Sulaymaniyah","chamchamal",21976,"Ashti","idp",93,"chamchamalidp"
"Al-Sulaymaniyah","chamchamal",24688,"Asuda","idp",184,"chamchamalidp"
"Al-Sulaymaniyah","chamchamal",21717,"Qadir Kir Mikan","idp",78,"chamchamalidp"
"Al-Sulaymaniyah","chamchamal",24250,"Qarahanjiriakan","idp",38,"chamchamalidp"
"Al-Sulaymaniyah","chamchamal",4933,"Piryadi","idp",112,"chamchamalidp"
"Al-Sulaymaniyah","chamchamal",20813,"SANGAWIAKAN","idp",59,"chamchamalidp"
"Al-Sulaymaniyah","chamchamal",24813,"Takya-Azadi","idp",35,"chamchamalidp"
"Al-Sulaymaniyah","derbendikhan",6301,"Hawara barza","idp",90,"derbendikhanidp"
"Al-Sulaymaniyah","derbendikhan",24251,"Kanito","idp",114,"derbendikhanidp"
"Al-Sulaymaniyah","derbendikhan",29515,"Shoresh","idp",23,"derbendikhanidp"
"Al-Sulaymaniyah","derbendikhan",24670,"Sara","idp",80,"derbendikhanidp"
"Al-Sulaymaniyah","derbendikhan",24253,"Campe khwarw","idp",34,"derbendikhanidp"
"Al-Sulaymaniyah","derbendikhan",29517,"Khelan","idp",112,"derbendikhanidp"
"Al-Sulaymaniyah","derbendikhan",22996,"Mamostayan","idp",41,"derbendikhanidp"
"Al-Sulaymaniyah","derbendikhan",23078,"Rezgari","idp",57,"derbendikhanidp"
"Al-Sulaymaniyah","dokan",5000,"Shekh Mansourian","idp",7,"dokanidp"
"Al-Sulaymaniyah","dokan",23721,"Chawa spy","idp",52,"dokanidp"
"Al-Sulaymaniyah","dokan",23923,"Sarcham","idp",27,"dokanidp"
"Al-Sulaymaniyah","dokan",23924,"Banwan","idp",28,"dokanidp"
"Al-Sulaymaniyah","dokan",5068,"Topzawa","idp",10,"dokanidp"
"Al-Sulaymaniyah","dokan",24554,"Tokma","idp",20,"dokanidp"
"Al-Sulaymaniyah","dokan",24213,"Sara","idp",99,"dokanidp"
"Al-Sulaymaniyah","dokan",23333,"Pishowa","idp",92,"dokanidp"
"Al-Sulaymaniyah","dokan",6305,"Shaheedan","idp",43,"dokanidp"
"Al-Sulaymaniyah","dokan",3593,"Timar","idp",8,"dokanidp"
"Al-Sulaymaniyah","dokan",5238,"Mergapan","idp",31,"dokanidp"
"Al-Sulaymaniyah","halabcha",22460,"Ardalan","idp",9,"halabchaidp"
"Al-Sulaymaniyah","halabcha",21862,"Gulan","idp",37,"halabchaidp"
"Al-Sulaymaniyah","halabcha",21961,"Kani ishqan","idp",79,"halabchaidp"
"Al-Sulaymaniyah","halabcha",21863,"Mamostaian","idp",9,"halabchaidp"
"Al-Sulaymaniyah","halabcha",21857,"Sharwani","idp",28,"halabchaidp"
"Al-Sulaymaniyah","halabcha",21962,"Marzboto","idp",13,"halabchaidp"
"Al-Sulaymaniyah","halabcha",21960,"Farmanbaran","idp",16,"halabchaidp"
"Al-Sulaymaniyah","halabcha",25757,"Darwazay Shar","idp",23,"halabchaidp"
"Al-Sulaymaniyah","halabcha",31863,"Shahidan","idp",12,"halabchaidp"
"Al-Sulaymaniyah","halabcha",31862,"Raparine","idp",43,"halabchaidp"
"Al-Sulaymaniyah","halabcha",25647,"Grda naze village","idp",15,"halabchaidp"
"Al-Sulaymaniyah","halabcha",22920,"Hassar","idp",37,"halabchaidp"
"Al-Sulaymaniyah","halabcha",24096,"Barkew","idp",56,"halabchaidp"
"Al-Sulaymaniyah","kalar",23767,"Goran","idp",33,"kalaridp"
"Al-Sulaymaniyah","kalar",32001,"Mamostayan","idp",93,"kalaridp"
"Al-Sulaymaniyah","kalar",6286,"Kalar Kon","idp",189,"kalaridp"
"Al-Sulaymaniyah","kalar",23769,"Sherwana","idp",38,"kalaridp"
"Al-Sulaymaniyah","kalar",5995,"Grda Gozina","idp",100,"kalaridp"
"Al-Sulaymaniyah","kalar",24890,"Sirwan","idp",48,"kalaridp"
"Al-Sulaymaniyah","kalar",3939,"Barda Sur","idp",80,"kalaridp"
"Al-Sulaymaniyah","kalar",24962,"Sharawani","idp",148,"kalaridp"
"Al-Sulaymaniyah","kalar",31929,"Zhalla","idp",92,"kalaridp"
"Al-Sulaymaniyah","kalar",31932,"Azadi","idp",52,"kalaridp"
"Al-Sulaymaniyah","kalar",21861,"Garmyan","idp",157,"kalaridp"
"Al-Sulaymaniyah","kalar",21852,"Awbarik","idp",221,"kalaridp"
"Al-Sulaymaniyah","rania",25298,"Koling city","idp",75,"raniaidp"
"Al-Sulaymaniyah","rania",25293,"Raparine","idp",9,"raniaidp"
"Al-Sulaymaniyah","rania",25297,"Rozhhalat","idp",17,"raniaidp"
"Al-Sulaymaniyah","rania",5568,"kurdistan","idp",17,"raniaidp"
"Al-Sulaymaniyah","rania",25296,"Qandil","idp",18,"raniaidp"
"Al-Sulaymaniyah","rania",29686,"Saraa","idp",31,"raniaidp"
"Al-Sulaymaniyah","rania",31869,"Azadi 2","idp",13,"raniaidp"
"Al-Sulaymaniyah","rania",25522,"Kewa Rash","idp",13,"raniaidp"
"Al-Sulaymaniyah","rania",24814,"Mamostayan","idp",9,"raniaidp"
"Al-Sulaymaniyah","rania",24101,"Nawroz","idp",45,"raniaidp"
"Babil","al.mussyab",24984,"Hay Al-Rafedain","idp",129,"al.mussyabidp"
"Babil","al.mussyab",24985,"Hay Alaskarey","idp",88,"al.mussyabidp"
"Babil","al.mussyab",25613,"Al-Iskandaria-Hay Al-Muthana","idp",22,"al.mussyabidp"
"Babil","al.mussyab",24296,"Al Iskandariyah Area-Mowelha","idp",34,"al.mussyabidp"
"Babil","al.mussyab",24707,"Hay Al Ataba","idp",237,"al.mussyabidp"
"Babil","al.mussyab",7126,"Al Hamiyah-Al Mutaqedin 1","idp",110,"al.mussyabidp"
"Babil","al.mussyab",24165,"Al Hamiyah-Oayef village","idp",94,"al.mussyabidp"
"Babil","al.mussyab",26119,"Hay Al Ghadeer 3","idp",47,"al.mussyabidp"
"Babil","al.mussyab",24171,"Hay Al Moatnen 3","idp",145,"al.mussyabidp"
"Babil","al.mussyab",29582,"Hay Al Moatnen 1","idp",92,"al.mussyabidp"
"Babil","al.mussyab",7220,"Albo Hamdan","idp",33,"al.mussyabidp"
"Babil","al.mussyab",26125,"Hay Al Ghadeer 1","idp",65,"al.mussyabidp"
"Baghdad","al.adhamiya",27255,"Hay Al Rabee-334","idp",8,"al.adhamiyaidp"
"Baghdad","al.adhamiya",25394,"Bob Al Sham-361","idp",11,"al.adhamiyaidp"
"Baghdad","al.adhamiya",24176,"Hay Al Rabee-332","idp",30,"al.adhamiyaidp"
"Baghdad","al.adhamiya",25397,"Bob Al Sham-365","idp",9,"al.adhamiyaidp"
"Baghdad","al.adhamiya",22777,"Hay Al Rabee-340","idp",20,"al.adhamiyaidp"
"Baghdad","al.adhamiya",22538,"Tunis-330","idp",18,"al.adhamiyaidp"
"Baghdad","al.adhamiya",23728,"Adhamiya-310","idp",11,"al.adhamiyaidp"
"Baghdad","al.adhamiya",7730,"Adhamia-312","idp",53,"al.adhamiyaidp"
"Baghdad","al.adhamiya",23999,"Al Qahira-307","idp",26,"al.adhamiyaidp"
"Baghdad","al.adhamiya",24003,"Al Shamasiyah-320","idp",30,"al.adhamiyaidp"
"Baghdad","al.adhamiya",7717,"Adhamia-308","idp",13,"al.adhamiyaidp"
"Baghdad","al.adhamiya",23646,"Adhamia-314","idp",45,"al.adhamiyaidp"
"Baghdad","al.adhamiya",24002,"Al Shamasiyah-316","idp",24,"al.adhamiyaidp"
"Baghdad","al.adhamiya",24004,"Al Maghreb-302","idp",11,"al.adhamiyaidp"
"Baghdad","al.kadhmiyah",23867,"Al-Nasir Walsalam-1000","idp",17,"al.kadhmiyahidp"
"Baghdad","al.kadhmiyah",31711,"Al Zaidan-Al sultan village","idp",9,"al.kadhmiyahidp"
"Baghdad","al.kadhmiyah",25126,"Khan Dhari Center","idp",25,"al.kadhmiyahidp"
"Baghdad","al.kadhmiyah",21173,"1 Athar","idp",62,"al.kadhmiyahidp"
"Baghdad","al.kadhmiyah",31714,"Shuhada Markza-Shuhdda the second","idp",62,"al.kadhmiyahidp"
"Baghdad","al.kadhmiyah",7658,"Al-Resalah","idp",44,"al.kadhmiyahidp"
"Baghdad","al.kadhmiyah",27247,"Al Shams complex","idp",138,"al.kadhmiyahidp"
"Baghdad","al.kadhmiyah",25185,"Awad Al Hussain village","idp",7,"al.kadhmiyahidp"
"Baghdad","al.kadhmiyah",27413,"Al Ahnaf-Al Rakia Fadel village","idp",38,"al.kadhmiyahidp"
"Baghdad","al.kadhmiyah",25164,"Sabea Al Buor-8000","idp",9,"al.kadhmiyahidp"
"Baghdad","al.kadhmiyah",24063,"Al-Abayechi-1","idp",19,"al.kadhmiyahidp"
"Baghdad","al.kadhmiyah",21685,"Al Khadraa village","idp",21,"al.kadhmiyahidp"
"Baghdad","al.kadhmiyah",25424,"Hai Al Qadessia-2","idp",42,"al.kadhmiyahidp"
"Baghdad","al.kadhmiyah",25022,"Al Gserin Village","idp",24,"al.kadhmiyahidp"
"Baghdad","al.kadhmiyah",27312,"Shoala-448","idp",6,"al.kadhmiyahidp"
"Baghdad","al.karkh",24073,"Shurtah Al Hader-846","idp",30,"al.karkhidp"
"Baghdad","al.karkh",7640,"Hay al jamiyah (Al Masfi)-842","idp",25,"al.karkhidp"
"Baghdad","al.karkh",23984,"Al Toma(Al Masfi)-826","idp",98,"al.karkhidp"
"Baghdad","al.karkh",21460,"Al Khadraa-639","idp",24,"al.karkhidp"
"Baghdad","al.karkh",24065,"Al Ghazaliyah-685","idp",12,"al.karkhidp"
"Baghdad","al.karkh",23727,"Al Jameah-627","idp",12,"al.karkhidp"
"Baghdad","al.karkh",21450,"Al Amerya-634","idp",19,"al.karkhidp"
"Baghdad","al.karkh",21448,"Al Amreya-630","idp",14,"al.karkhidp"
"Baghdad","al.karkh",25206,"Al Khadraa-640","idp",30,"al.karkhidp"
"Baghdad","al.karkh",26041,"Al Jameah-635","idp",20,"al.karkhidp"
"Baghdad","al.karkh",27409,"Al Saydia-835","idp",13,"al.karkhidp"
"Baghdad","al.karkh",27191,"Al Resala-855","idp",14,"al.karkhidp"
"Baghdad","al.karkh",25221,"Al Forat-893","idp",32,"al.karkhidp"
"Baghdad","al.karkh",26100,"Hay Al Jehad-881","idp",12,"al.karkhidp"
"Baghdad","al.karkh",27289,"Al Salahiya-222","idp",9,"al.karkhidp"
"Baghdad","al.mahmoudiya",25150,"Al Latefia-Al Qadessia","idp",157,"al.mahmoudiyaidp"
"Baghdad","al.mahmoudiya",23618,"14 Tamooz","idp",83,"al.mahmoudiyaidp"
"Baghdad","al.mahmoudiya",25149,"Al Latefia-Al Salam","idp",89,"al.mahmoudiyaidp"
"Baghdad","al.mahmoudiya",7733,"Hay Al Zuhoor","idp",60,"al.mahmoudiyaidp"
"Baghdad","al.mahmoudiya",25152,"Kilo 18","idp",179,"al.mahmoudiyaidp"
"Baghdad","al.mahmoudiya",7583,"Hoor Rajab","idp",21,"al.mahmoudiyaidp"
"Baghdad","al.mahmoudiya",7587,"Al Radwania","idp",60,"al.mahmoudiyaidp"
"Baghdad","al.mahmoudiya",29523,"Hay Al Shuhada(Al kragolyia)","idp",15,"al.mahmoudiyaidp"
"Baghdad","al.mahmoudiya",27252,"Hay Al Rasul","idp",9,"al.mahmoudiyaidp"
"Diyala","al.khalis",24194,"Dalli Abass-Al-Dhobat Qtr","idp",25,"al.khalisidp"
"Diyala","al.khalis",25036,"Hibhib-Al Shohadaa Qtr","idp",38,"al.khalisidp"
"Diyala","al.khalis",10445,"Markaz Hibhib","idp",109,"al.khalisidp"
"Diyala","al.khalis",25032,"Hibhib-Al Askary Qtr","idp",13,"al.khalisidp"
"Diyala","al.khalis",25027,"Hibhib-Al Asry Qtr","idp",12,"al.khalisidp"
"Diyala","al.khalis",25815,"Al Hadid-Al Benook Qtr","idp",20,"al.khalisidp"
"Diyala","al.khalis",22041,"Al Qadissiya Qtr","idp",40,"al.khalisidp"
"Diyala","al.khalis",11195,"Al Ghalbiya","idp",59,"al.khalisidp"
"Diyala","al.khalis",25814,"Al Hadid Old","idp",20,"al.khalisidp"
"Diyala","al.khalis",11206,"Hawaish Village","idp",7,"al.khalisidp"
"Diyala","al.khalis",11425,"Jadidat Al Shat village","idp",60,"al.khalisidp"
"Diyala","baquba",11463,"Had Mekser","idp",47,"baqubaidp"
"Diyala","baquba",11411,"Al Sabtiyah village","idp",38,"baqubaidp"
"Diyala","baquba",23740,"Al Hawidar","idp",31,"baqubaidp"
"Diyala","baquba",24915,"Al Gatoon-Al rahma","idp",420,"baqubaidp"
"Diyala","baquba",24805,"Al Gatoon-Al Yarmook Qtr","idp",693,"baqubaidp"
"Diyala","baquba",11189,"Al Mafraq","idp",256,"baqubaidp"
"Diyala","baquba",24914,"Um Al Edam Village","idp",31,"baqubaidp"
"Diyala","baquba",11177,"Al Gatoon-Al Mujama Qtr","idp",85,"baqubaidp"
"Diyala","baquba",24917,"Al Sadah Village","idp",13,"baqubaidp"
"Diyala","baquba",23694,"Al Intesar-1 Qtr","idp",67,"baqubaidp"
"Diyala","baquba",11178,"Al Tahreer","idp",365,"baqubaidp"
"Diyala","baquba",11250,"Al Dawasir Qtr","idp",30,"baqubaidp"
"Diyala","baquba",25042,"Sesbana Village","idp",15,"baqubaidp"
"Diyala","khanaqin",25257,"Bakhtiari Qtr","idp",384,"khanaqinidp"
"Diyala","khanaqin",24312,"Imam Abass Qtr","idp",159,"khanaqinidp"
"Diyala","khanaqin",24403,"darwish village","idp",7,"khanaqinidp"
"Diyala","khanaqin",24351,"Mazrah Qtr","idp",41,"khanaqinidp"
"Diyala","khanaqin",25247,"Rapren-1 Qtr","idp",35,"khanaqinidp"
"Diyala","khanaqin",10666,"Jibraoh village","idp",30,"khanaqinidp"
"Diyala","khanaqin",24393,"Zurab village","idp",42,"khanaqinidp"
"Diyala","khanaqin",11047,"Tula Frosh Qtr","idp",210,"khanaqinidp"
"Diyala","khanaqin",24354,"Al Askari Qtr","idp",50,"khanaqinidp"
"Diyala","khanaqin",24405,"aldarawsha village","idp",8,"khanaqinidp"
"Diyala","khanaqin",10403,"Salih Agha village","idp",130,"khanaqinidp"
"Diyala","kifri",3903,"Kulajo","idp",281,"kifriidp"
"Diyala","kifri",6000,"Shaykh Lankar","idp",193,"kifriidp"
"Diyala","kifri",25429,"Markaz Jabara","idp",135,"kifriidp"
"Diyala","kifri",33394,"shahidan","idp",47,"kifriidp"
"Diyala","kifri",28430,"raparin","idp",67,"kifriidp"
"Diyala","kifri",28427,"Hawari new","idp",78,"kifriidp"
"Diyala","kifri",28429,"shoresh","idp",54,"kifriidp"
"Diyala","kifri",31930,"Sangaw","idp",184,"kifriidp"
"Diyala","kifri",6161,"Shakal","idp",200,"kifriidp"
"Diyala","kifri",28424,"mamostayan","idp",35,"kifriidp"
"Diyala","kifri",11023,"sar qala","idp",128,"kifriidp"
"Diyala","kifri",28422,"awbrey","idp",77,"kifriidp"
"Diyala","kifri",28428,"rezgari","idp",56,"kifriidp"
"Diyala","kifri",10592,"Qaratappa","idp",115,"kifriidp"
"Duhok","al.amadiya",23903,"Kaniya Mala","idp",25,"al.amadiyaidp"
"Duhok","al.amadiya",8171,"Aradin","idp",7,"al.amadiyaidp"
"Duhok","al.amadiya",8335,"Spindare","idp",19,"al.amadiyaidp"
"Duhok","al.amadiya",7770,"Chamanke","idp",97,"al.amadiyaidp"
"Duhok","al.amadiya",7768,"Mizi Village","idp",52,"al.amadiyaidp"
"Duhok","al.amadiya",27120,"Nahla Area","idp",45,"al.amadiyaidp"
"Duhok","al.amadiya",7867,"Sikreen","idp",7,"al.amadiyaidp"
"Duhok","al.amadiya",7862,"Qadish Collective","idp",14,"al.amadiyaidp"
"Duhok","al.amadiya",7896,"Benata","idp",6,"al.amadiyaidp"
"Duhok","al.amadiya",7835,"Sarsink","idp",69,"al.amadiyaidp"
"Duhok","duhok",26047,"Botan","idp",87,"duhokidp"
"Duhok","duhok",24092,"Masik-1","idp",163,"duhokidp"
"Duhok","duhok",23711,"Gali Dohuk","idp",21,"duhokidp"
"Duhok","duhok",21509,"Kari Basi","idp",179,"duhokidp"
"Duhok","duhok",8867,"Zeri Land","idp",504,"duhokidp"
"Duhok","duhok",21971,"Shorash (Al Jamyah)","idp",126,"duhokidp"
"Duhok","duhok",26052,"Bintika","idp",26,"duhokidp"
"Duhok","duhok",24186,"Zirka","idp",122,"duhokidp"
"Duhok","duhok",7945,"Baroshke","idp",271,"duhokidp"
"Duhok","duhok",24628,"Etit","idp",212,"duhokidp"
"Duhok","duhok",8687,"Bablu","idp",50,"duhokidp"
"Duhok","duhok",7949,"Eminke","idp",126,"duhokidp"
"Duhok","duhok",25898,"Avrike","idp",210,"duhokidp"
"Duhok","sumail",8044,"Bajit Kandala","idp",87,"sumailidp"
"Duhok","sumail",24596,"Tanahi","idp",223,"sumailidp"
"Duhok","sumail",27125,"Old Qasr Yazddin","idp",156,"sumailidp"
"Duhok","sumail",24800,"Avro City","idp",1042,"sumailidp"
"Duhok","sumail",8873,"Misereek","idp",936,"sumailidp"
"Duhok","sumail",29614,"Kar City","idp",148,"sumailidp"
"Duhok","sumail",7989,"Seje","idp",498,"sumailidp"
"Duhok","sumail",25622,"Moaskar Domiz","idp",364,"sumailidp"
"Duhok","sumail",8369,"Shariya","idp",3930,"sumailidp"
"Duhok","sumail",8800,"Kherava","idp",280,"sumailidp"
"Duhok","sumail",27124,"New Zinya","idp",416,"sumailidp"
"Duhok","zakho",32029,"Rkawa Sector","idp",175,"zakhoidp"
"Duhok","zakho",32033,"Kochka Honari","idp",860,"zakhoidp"
"Duhok","zakho",32030,"Shabaniya Sector","idp",765,"zakhoidp"
"Duhok","zakho",32024,"Ashe Chami Sector","idp",371,"zakhoidp"
"Duhok","zakho",32028,"Khrababka Sector","idp",811,"zakhoidp"
"Duhok","zakho",32032,"Firqa Sector","idp",859,"zakhoidp"
"Duhok","zakho",32027,"Bedar Sector","idp",1166,"zakhoidp"
"Duhok","zakho",32031,"Abasiya Sector","idp",963,"zakhoidp"
"Duhok","zakho",25992,"Diraboon","idp",589,"zakhoidp"
"Duhok","zakho",8620,"Qarawla","idp",16,"zakhoidp"
"Erbil","erbil",20980,"Ainkawa(108)","idp",719,"erbilidp"
"Erbil","erbil",13685,"Andazyaran","idp",408,"erbilidp"
"Erbil","erbil",25973,"Harem","idp",91,"erbilidp"
"Erbil","erbil",24308,"Zaiton Collective","idp",1580,"erbilidp"
"Erbil","erbil",12826,"Mamzawa","idp",1481,"erbilidp"
"Erbil","erbil",25727,"Kani Qarzhala","idp",203,"erbilidp"
"Erbil","erbil",33883,"Nazimawa","idp",387,"erbilidp"
"Erbil","erbil",21899,"Rizgari","idp",668,"erbilidp"
"Erbil","erbil",27214,"Shorsh(Malayan)","idp",203,"erbilidp"
"Erbil","erbil",20997,"Runaki","idp",101,"erbilidp"
"Erbil","erbil",20790,"Havalan","idp",295,"erbilidp"
"Erbil","erbil",33878,"Mizori","idp",240,"erbilidp"
"Erbil","erbil",25630,"Kawa Collective","idp",870,"erbilidp"
"Erbil","koysinjaq",24598,"Azady","idp",60,"koysinjaqidp"
"Erbil","koysinjaq",27222,"Nawdaran","idp",15,"koysinjaqidp"
"Erbil","koysinjaq",24597,"Bazar koya(Bafri qndeel)","idp",60,"koysinjaqidp"
"Erbil","koysinjaq",12371,"Bayizagha","idp",55,"koysinjaqidp"
"Erbil","koysinjaq",24484,"Armota","idp",25,"koysinjaqidp"
"Erbil","koysinjaq",23280,"Qalat","idp",95,"koysinjaqidp"
"Erbil","koysinjaq",33885,"Sarbasti","idp",53,"koysinjaqidp"
"Erbil","koysinjaq",11887,"Taqtaq","idp",98,"koysinjaqidp"
"Erbil","rawanduz",13141,"Soran District","idp",235,"rawanduzidp"
"Erbil","rawanduz",31780,"Delzyan","idp",12,"rawanduzidp"
"Erbil","rawanduz",27199,"kawrarash","idp",10,"rawanduzidp"
"Erbil","rawanduz",27198,"Hay mameel al qeer","idp",10,"rawanduzidp"
"Erbil","rawanduz",12277,"Khalifan(center)","idp",21,"rawanduzidp"
"Erbil","rawanduz",12597,"Rawanduz District","idp",40,"rawanduzidp"
"Erbil","rawanduz",27200,"Hamya","idp",12,"rawanduzidp"
"Erbil","rawanduz",27225,"Markaz Mergasur","idp",35,"rawanduzidp"
"Erbil","shaqlawa",13372,"Harir-Batas","idp",35,"shaqlawaidp"
"Erbil","shaqlawa",12172,"Harir","idp",125,"shaqlawaidp"
"Erbil","shaqlawa",12079,"Hiran","idp",61,"shaqlawaidp"
"Erbil","shaqlawa",12948,"Sarmidan-1(Ashti)","idp",82,"shaqlawaidp"
"Erbil","shaqlawa",23698,"Sabirawa","idp",73,"shaqlawaidp"
"Erbil","shaqlawa",23713,"Betrma","idp",90,"shaqlawaidp"
"Erbil","shaqlawa",12957,"Spigra","idp",25,"shaqlawaidp"
"Erbil","shaqlawa",23741,"Safeen","idp",71,"shaqlawaidp"
"Erbil","shaqlawa",23742,"Shahedan","idp",130,"shaqlawaidp"
"Kerbala","kerbela",26060,"Al Ameshea 2","idp",35,"kerbelaidp"
"Kerbala","kerbela",14167,"Al-Abrahmeiah (Al hafed)","idp",63,"kerbelaidp"
"Kerbala","kerbela",24285,"Al-Safiya 2","idp",468,"kerbelaidp"
"Kerbala","kerbela",14037,"Al-zabaylah","idp",60,"kerbelaidp"
"Kerbala","kerbela",32057,"Abu Tharr complex","idp",50,"kerbelaidp"
"Kerbala","kerbela",25061,"Al Hurr Al Sager","idp",46,"kerbelaidp"
"Kerbala","kerbela",14324,"Al Muamnen(Elegal)","idp",10,"kerbelaidp"
"Kerbala","kerbela",25262,"Al Zohor","idp",16,"kerbelaidp"
"Kerbala","kerbela",27265,"Shuihadaa Al Amam Ali","idp",10,"kerbelaidp"
"Kerbala","kerbela",25780,"Hay Al-Naser14","idp",6,"kerbelaidp"
"Kerbala","kerbela",25358,"Al Salam-1","idp",9,"kerbelaidp"
"Kerbala","kerbela",24137,"Maitham Al Tammar","idp",28,"kerbelaidp"
"Kirkuk","daquq",25869,"Hay Shoraw-1","idp",32,"daquqidp"
"Kirkuk","daquq",25739,"Laylan-Bash Bulaq village","idp",120,"daquqidp"
"Kirkuk","daquq",14786,"Fareeq Awa","idp",65,"daquqidp"
"Kirkuk","daquq",33476,"Hay Al-Salam ( Daquq )","idp",150,"daquqidp"
"Kirkuk","daquq",15110,"Hay Klisa 1","idp",100,"daquqidp"
"Kirkuk","daquq",21483,"Hay Nawroz ( Daquq)","idp",86,"daquqidp"
"Kirkuk","daquq",21453,"Hay Ashti","idp",114,"daquqidp"
"Kirkuk","daquq",33477,"Hay Runaki / Daquq","idp",90,"daquqidp"
"Kirkuk","daquq",14960,"Taza-Omer Bin Khattab","idp",85,"daquqidp"
"Kirkuk","dibis",14375,"Altun Kupri Center","idp",28,"dibisidp"
"Kirkuk","dibis",15449,"Bajwan","idp",110,"dibisidp"
"Kirkuk","dibis",15674,"Hay Al-Shuhadaa","idp",75,"dibisidp"
"Kirkuk","dibis",24632,"Hay Al Muaasker","idp",55,"dibisidp"
"Kirkuk","dibis",24631,"Hay Al Tanak","idp",80,"dibisidp"
"Kirkuk","kirkuk",21016,"Hay Al Nassir","idp",420,"kirkukidp"
"Kirkuk","kirkuk",31729,"Hay Al-Askary 2","idp",430,"kirkukidp"
"Kirkuk","kirkuk",15550,"Hay Al-Urooba","idp",579,"kirkukidp"
"Kirkuk","kirkuk",31726,"Al-Qadisssiya(Rabareen) first","idp",405,"kirkukidp"
"Kirkuk","kirkuk",31728,"Hay Al-Askary 1","idp",490,"kirkukidp"
"Kirkuk","kirkuk",24084,"Al Tadamon(Hawkari)","idp",900,"kirkukidp"
"Kirkuk","kirkuk",22296,"Hay Al Jamia-Mahalla 622","idp",2260,"kirkukidp"
"Kirkuk","kirkuk",24453,"Al Takhi Village","idp",330,"kirkukidp"
"Kirkuk","kirkuk",15648,"Al-Sayada Complex","idp",275,"kirkukidp"
"Kirkuk","kirkuk",23900,"Yaychi-Qaryat Turklan","idp",145,"kirkukidp"
"Maysan","al.kahla",20844,"Hay Al Karar","idp",9,"al.kahlaidp"
"Maysan","al.kahla",16835,"Hay 15 Sahaban","idp",10,"al.kahlaidp"
"Maysan","al.kahla",15991,"Hay Al Rasool","idp",8,"al.kahlaidp"
"Maysan","al.kahla",24808,"Eye of Missan","idp",15,"al.kahlaidp"
"Maysan","al.kahla",22208,"Al Salam","idp",13,"al.kahlaidp"
"Maysan","al.kahla",24532,"Al Hay Al JameI","idp",107,"al.kahlaidp"
"Maysan","al.kahla",23622,"Hay Al-Ameer","idp",9,"al.kahlaidp"
"Ninewa","al.baaj",34009,"Al Intisar","idp",213,"al.baajidp"
"Ninewa","al.baaj",34010,"Al-Dubaat","idp",98,"al.baajidp"
"Ninewa","al.baaj",34014,"Hateen","idp",121,"al.baajidp"
"Ninewa","al.baaj",34013,"Al Askari","idp",75,"al.baajidp"
"Ninewa","al.baaj",34012,"Alqadisya","idp",80,"al.baajidp"
"Ninewa","al.baaj",34008,"Al-Risalah","idp",220,"al.baajidp"
"Ninewa","al.baaj",18349,"Al-Yarmuk","idp",126,"al.baajidp"
"Ninewa","al.baaj",34011,"Al-Thawra","idp",187,"al.baajidp"
"Ninewa","al.hamdaniya",25816,"Bishryan","idp",27,"al.hamdaniyaidp"
"Ninewa","al.hamdaniya",24581,"Kalak","idp",574,"al.hamdaniyaidp"
"Ninewa","al.hamdaniya",33475,"Zangal","idp",48,"al.hamdaniyaidp"
"Ninewa","al.hamdaniya",12821,"Khabat","idp",3628,"al.hamdaniyaidp"
"Ninewa","al.hamdaniya",17903,"Al-Salamiyah Village","idp",25,"al.hamdaniyaidp"
"Ninewa","al.hatra",27271,"Tal abta","idp",157,"al.hatraidp"
"Ninewa","al.hatra",33114,"Al-Amilah Village","idp",13,"al.hatraidp"
"Ninewa","al.hatra",33115,"Zaaziaa Village","idp",6,"al.hatraidp"
"Ninewa","al.hatra",33164,"Rmothaniat Al-rdin Village","idp",6,"al.hatraidp"
"Ninewa","al.hatra",17126,"Markaz AL-Hatra","idp",29,"al.hatraidp"
"Ninewa","al.mosul",24549,"Al Harmaat","idp",733,"al.mosulidp"
"Ninewa","al.mosul",18314,"Hay Al Intisar","idp",684,"al.mosulidp"
"Ninewa","al.mosul",23933,"Hay Al Samah","idp",505,"al.mosulidp"
"Ninewa","al.mosul",23875,"Al-Quds","idp",588,"al.mosulidp"
"Ninewa","al.mosul",21332,"HAY-FALISTINE","idp",129,"al.mosulidp"
"Ninewa","al.mosul",25066,"Al Tanak","idp",285,"al.mosulidp"
"Ninewa","al.mosul",18339,"Al-Karamah","idp",1287,"al.mosulidp"
"Ninewa","al.mosul",18357,"Al-sukar","idp",98,"al.mosulidp"
"Ninewa","al.mosul",18346,"Al-Maamon","idp",430,"al.mosulidp"
"Ninewa","al.mosul",21336,"HAY-SUMMER","idp",321,"al.mosulidp"
"Ninewa","al.mosul",18368,"Wadi Hajar","idp",209,"al.mosulidp"
"Ninewa","al.mosul",18313,"Hay Al Islah Al Zirai","idp",259,"al.mosulidp"
"Ninewa","al.mosul",18370,"Hay Al Tammem","idp",348,"al.mosulidp"
"Ninewa","al.mosul",17128,"Hamam Alaleel Center","idp",170,"al.mosulidp"
"Ninewa","al.shikhan",17338,"Atrush","idp",70,"al.shikhanidp"
"Ninewa","al.shikhan",25945,"Esiyan Village","idp",112,"al.shikhanidp"
"Ninewa","al.shikhan",17752,"Baadre","idp",672,"al.shikhanidp"
"Ninewa","al.shikhan",17333,"Shekhan","idp",1524,"al.shikhanidp"
"Ninewa","al.shikhan",17535,"Mahad","idp",240,"al.shikhanidp"
"Ninewa","al.shikhan",25278,"Kabara","idp",8,"al.shikhanidp"
"Ninewa","al.shikhan",18199,"Qasrok","idp",362,"al.shikhanidp"
"Ninewa","al.shikhan",21008,"Chira","idp",183,"al.shikhanidp"
"Ninewa","aqra",8783,"Bardarash","idp",972,"aqraidp"
"Ninewa","aqra",8776,"Daratu","idp",105,"aqraidp"
"Ninewa","aqra",24580,"Roviya","idp",725,"aqraidp"
"Ninewa","aqra",16953,"Dinarta","idp",61,"aqraidp"
"Ninewa","aqra",17802,"Grdasin","idp",293,"aqraidp"
"Ninewa","aqra",17734,"Akre","idp",1713,"aqraidp"
"Ninewa","sinjar",27361,"Wary Bahdo","idp",113,"sinjaridp"
"Ninewa","sinjar",27366,"Balif","idp",126,"sinjaridp"
"Ninewa","sinjar",17928,"Sinuni center","idp",908,"sinjaridp"
"Ninewa","sinjar",27283,"Dokri","idp",30,"sinjaridp"
"Ninewa","sinjar",27285,"Borek","idp",160,"sinjaridp"
"Ninewa","sinjar",17845,"Khana sor","idp",500,"sinjaridp"
"Ninewa","sinjar",27362,"Sardashty","idp",267,"sinjaridp"
"Ninewa","sinjar",23274,"Hay Alqadseya","idp",145,"sinjaridp"
"Ninewa","sinjar",22490,"Hay Al Naser","idp",225,"sinjaridp"
"Ninewa","sinjar",32090,"Hay Alzeraee","idp",111,"sinjaridp"
"Ninewa","sinjar",23273,"Hay Alshuhada","idp",285,"sinjaridp"
"Ninewa","telafar",22923,"Kakhirta","idp",10,"telafaridp"
"Ninewa","telafar",17814,"Tal alhuaa","idp",27,"telafaridp"
"Ninewa","telafar",28453,"Albawtha vilage","idp",20,"telafaridp"
"Ninewa","telafar",18262,"abu khushub","idp",17,"telafaridp"
"Ninewa","telafar",18308,"Hay Al Askari","idp",555,"telafaridp"
"Ninewa","telafar",24701,"Hay Al laban","idp",153,"telafaridp"
"Ninewa","telafar",28450,"Ewaynat vilage","idp",60,"telafaridp"
"Ninewa","telafar",25687,"Hay Al Sikak","idp",37,"telafaridp"
"Ninewa","telafar",25808,"Hay Alasreya","idp",82,"telafaridp"
"Ninewa","telafar",25944,"Qasabat Zummar","idp",130,"telafaridp"
"Ninewa","telafar",25695,"kirver village","idp",7,"telafaridp"
"Ninewa","tilkaef",17134,"Alqosh","idp",119,"tilkaefidp"
"Ninewa","tilkaef",22365,"Shaykhaka","idp",144,"tilkaefidp"
"Ninewa","tilkaef",17830,"Jarahiya","idp",15,"tilkaefidp"
"Ninewa","tilkaef",24703,"Jambour Village","idp",65,"tilkaefidp"
"Ninewa","tilkaef",24637,"Kalata Farhan village","idp",22,"tilkaefidp"
"Ninewa","tilkaef",18377,"Al rasheediya","idp",1557,"tilkaefidp"
"Ninewa","tilkaef",17959,"Tallsquf","idp",214,"tilkaefidp"
"Ninewa","tilkaef",24600,"Al Qawsiyat","idp",461,"tilkaefidp"
"Salah Al-Din","balad",23913,"Hay al Zahraa 204","idp",85,"baladidp"
"Salah Al-Din","balad",25916,"Al Sejla village","idp",90,"baladidp"
"Salah Al-Din","balad",25746,"Markaz Al-Dujeel-Hay Al Wihda Mahala 101","idp",43,"baladidp"
"Salah Al-Din","balad",23920,"Hay Al Hussien","idp",99,"baladidp"
"Salah Al-Din","balad",25747,"Markaz Al-Dujeel-Al Shabab village","idp",75,"baladidp"
"Salah Al-Din","balad",25742,"Al-Duloeyah-Hay Al Jubor","idp",76,"baladidp"
"Salah Al-Din","balad",20770,"Al-Duloeyah-Hay khazraj","idp",67,"baladidp"
"Salah Al-Din","balad",20771,"Albu Farraj Village","idp",100,"baladidp"
"Salah Al-Din","balad",20774,"AL-Eshaqi center","idp",42,"baladidp"
"Salah Al-Din","balad",29601,"Eshaqi Complex","idp",30,"baladidp"
"Salah Al-Din","balad",24912,"Al Sindiyah village","idp",50,"baladidp"
"Salah Al-Din","samarra",23140,"Al Hardaniyah","idp",100,"samarraidp"
"Salah Al-Din","samarra",21724,"Hay Al Mutasim-mahala 105","idp",69,"samarraidp"
"Salah Al-Din","samarra",21725,"Hay Al Wathiq-Mahala 314","idp",234,"samarraidp"
"Salah Al-Din","samarra",20569,"Hay Al-Khathraa Mahala 322","idp",222,"samarraidp"
"Salah Al-Din","samarra",22474,"Hay Al Dhubbat-Mahalla 334","idp",62,"samarraidp"
"Salah Al-Din","samarra",21588,"Al Jubairiyah Al Thalitha","idp",219,"samarraidp"
"Salah Al-Din","samarra",21590,"Hay Salah Al-Din(Mahala 302)","idp",229,"samarraidp"
"Salah Al-Din","samarra",23877,"Hay Al-Ziraa(Sharqiyah)113","idp",51,"samarraidp"
"Salah Al-Din","samarra",25518,"Al Mahalla Al Gharbiah","idp",49,"samarraidp"
"Salah Al-Din","samarra",23876,"Al Jibariya Mahala 316","idp",124,"samarraidp"
"Salah Al-Din","samarra",20675,"Al-Efraz area","idp",144,"samarraidp"
"Salah Al-Din","samarra",22473,"Hay Al Muthanna-Mahalla 312","idp",418,"samarraidp"
"Salah Al-Din","tikrit",24247,"Hay Al baladiyah","idp",160,"tikritidp"
"Salah Al-Din","tikrit",28449,"Mahalla Al Aed","idp",210,"tikritidp"
"Salah Al-Din","tikrit",21592,"Hay Al sinay-Al samad","idp",165,"tikritidp"
"Salah Al-Din","tikrit",23145,"Al Ahad Al Jadid village","idp",43,"tikritidp"
"Salah Al-Din","tikrit",24212,"Al khuzamiya Village","idp",43,"tikritidp"
"Salah Al-Din","tikrit",25923,"Qadisya 2 Mahala 216","idp",140,"tikritidp"
"Salah Al-Din","tikrit",22468,"Hay Al Zuhour-422","idp",216,"tikritidp"
"Salah Al-Din","tikrit",24211,"Al Namah Al ShamaliyahVillage","idp",95,"tikritidp"
"Salah Al-Din","tikrit",20618,"Hammad Shihab","idp",65,"tikritidp"
"Salah Al-Din","tikrit",22058,"Hay Aldiuom","idp",103,"tikritidp"
"Salah Al-Din","tikrit",27367,"Hay Alziraa","idp",20,"tikritidp"
"Salah Al-Din","tikrit",25962,"Hay Salma Altaghlubia","idp",22,"tikritidp"
"Salah Al-Din","tooz.khurmato",25866,"Hay Komari-120","idp",732,"tooz.khurmatoidp"
"Salah Al-Din","tooz.khurmato",25748,"Markaz Tooz-Jesir Dara","idp",57,"tooz.khurmatoidp"
"Salah Al-Din","tooz.khurmato",25754,"Markaz Tooz-Hay Al Askari","idp",559,"tooz.khurmatoidp"
"Salah Al-Din","tooz.khurmato",25872,"Unformal Shelter","idp",273,"tooz.khurmatoidp"
"Salah Al-Din","tooz.khurmato",25752,"Markaz Tooz-Hay Al Taiyar 122","idp",628,"tooz.khurmatoidp"
"Salah Al-Din","tooz.khurmato",20405,"Sankur","idp",47,"tooz.khurmatoidp"
"Salah Al-Din","tooz.khurmato",25868,"Hay Rizgari-114","idp",297,"tooz.khurmatoidp"
"Salah Al-Din","tooz.khurmato",33153,"Zinana","idp",100,"tooz.khurmatoidp"
"Salah Al-Din","tooz.khurmato",25870,"Tal Al Naqqar","idp",380,"tooz.khurmatoidp"
"Thi Qar","al.nasiriya",10301,"Hay Al Fidaa","idp",9,"al.nasiriyaidp"
"Thi Qar","al.nasiriya",9396,"Al-zielat","idp",15,"al.nasiriyaidp"
"Thi Qar","al.nasiriya",24494,"Al Aker","idp",7,"al.nasiriyaidp"
"Thi Qar","al.nasiriya",10259,"Hay Al Tadhihiya","idp",17,"al.nasiriyaidp"
"Thi Qar","al.nasiriya",21208,"Hay Al Mualimeen","idp",7,"al.nasiriyaidp"
"Thi Qar","al.nasiriya",9427,"Hay AL-Mansouria","idp",15,"al.nasiriyaidp"
"Thi Qar","al.nasiriya",10335,"Al-Salhiya","idp",10,"al.nasiriyaidp"
"Thi Qar","al.nasiriya",23683,"Hay Mehidiya","idp",15,"al.nasiriyaidp"
"Thi Qar","al.nasiriya",10263,"Sadir City","idp",14,"al.nasiriyaidp"
"Thi Qar","al.nasiriya",10260,"Al Iskan Al Sinaie","idp",28,"al.nasiriyaidp"
"Wassit","al.kut",19555,"Damook 150","idp",20,"al.kutidp"
"Wassit","al.kut",25322,"Anwar Al Sadur-Al-Ghader","idp",10,"al.kutidp"
"Wassit","al.kut",27277,"Al Hakeem Al-Ula","idp",12,"al.kutidp"
"Wassit","al.kut",27275,"Al-Hassan Al-Askari Al-Thania","idp",20,"al.kutidp"
"Wassit","al.kut",19070,"Hay al-zahraa","idp",10,"al.kutidp"
"Wassit","al.kut",23256,"Al Hasan Al Askari","idp",54,"al.kutidp"
"Wassit","al.kut",27278,"Al Hakeem Al-Thania","idp",12,"al.kutidp"
"Wassit","al.kut",24786,"Al Hakeem Al-Khdhra","idp",10,"al.kutidp"
"Wassit","al.kut",27383,"Hay Al Jawadeen Al-Thalitha","idp",14,"al.kutidp"
"Wassit","al.kut",19548,"Al Batar village","idp",28,"al.kutidp"
"Wassit","al.kut",25103,"Al-Jihad Al-Zahraa","idp",25,"al.kutidp"
"Wassit","al.kut",25106,"Al-Jihad-Al-Sajad","idp",25,"al.kutidp"
"Wassit","al.kut",24261,"Hay Al-Hawaraa 3","idp",58,"al.kutidp"
"Duhok","zakho",106,"Al-Amen","returnee",1176,"zakhoreturnee"
"Al-Anbar","al.kaim",23792,"Al Angaa","returnee",944,"al.kaimreturnee"
"Ninewa","al.baaj",18349,"Al-Yarmuk","returnee",352,"al.baajreturnee"
"Ninewa","al.baaj",34013,"Al Askari","returnee",185,"al.baajreturnee"
"Ninewa","al.baaj",34069,"Al-sahlan","returnee",50,"al.baajreturnee"
"Ninewa","al.baaj",34011,"Al-Thawra","returnee",641,"al.baajreturnee"
"Ninewa","al.baaj",34090,"Al-khader","returnee",23,"al.baajreturnee"
"Ninewa","al.hamdaniya",17131,"Bartalla center","returnee",4100,"al.hamdaniyareturnee"
"Ninewa","al.hamdaniya",22214,"Muafaqiyah village","returnee",865,"al.hamdaniyareturnee"
"Ninewa","al.hamdaniya",17903,"Al-Salamiyah Village","returnee",135,"al.hamdaniyareturnee"
"Ninewa","al.hamdaniya",29613,"Tal Al-Laban","returnee",565,"al.hamdaniyareturnee"
"Ninewa","al.hamdaniya",17386,"Blawat Village","returnee",220,"al.hamdaniyareturnee"
"Ninewa","al.hamdaniya",17373,"Mnara Shabak Village","returnee",1000,"al.hamdaniyareturnee"
"Ninewa","al.hamdaniya",21939,"Shaquli village","returnee",647,"al.hamdaniyareturnee"
"Ninewa","al.hamdaniya",17399,"Jlewkhan village","returnee",391,"al.hamdaniyareturnee"
"Ninewa","al.hamdaniya",22216,"Shiek Ameer Village","returnee",166,"al.hamdaniyareturnee"
"Ninewa","al.hamdaniya",17376,"Kabarly Village","returnee",936,"al.hamdaniyareturnee"
"Ninewa","al.hamdaniya",22433,"Knehash 2 Village","returnee",58,"al.hamdaniyareturnee"
"Ninewa","al.hamdaniya",23699,"Khazna Tappa","returnee",1500,"al.hamdaniyareturnee"
"Ninewa","al.hamdaniya",17930,"Tahrawa Village","returnee",774,"al.hamdaniyareturnee"
"Ninewa","al.shikhan",18267,"Taq Harb","returnee",6,"al.shikhanreturnee"
"Ninewa","al.shikhan",21648,"Taq Mekail","returnee",25,"al.shikhanreturnee"
"Ninewa","al.shikhan",17875,"Nargizlia Village","returnee",46,"al.shikhanreturnee"
"Ninewa","al.shikhan",17051,"Big Rikaba Village","returnee",26,"al.shikhanreturnee"
"Ninewa","al.shikhan",17049,"Small Rikaba Village","returnee",63,"al.shikhanreturnee"
"Ninewa","al.shikhan",17045,"Sheikh Milwan Village","returnee",100,"al.shikhanreturnee"
"Ninewa","al.hatra",33774,"Estielah Village","returnee",48,"al.hatrareturnee"
"Ninewa","al.hatra",33859,"Abu sanam wasataa Village","returnee",120,"al.hatrareturnee"
"Al-Anbar","al.falluja",22606,"Albu Shejel","returnee",1180,"al.fallujareturnee"
"Ninewa","al.hatra",27271,"Tal abta","returnee",2400,"al.hatrareturnee"
"Ninewa","al.hatra",33991,"Easilah algharbia","returnee",76,"al.hatrareturnee"
"Ninewa","al.hatra",33728,"Majmae khams talul","returnee",50,"al.hatrareturnee"
"Al-Anbar","al.falluja",318,"Albu Khanfar","returnee",2216,"al.fallujareturnee"
"Ninewa","al.hatra",33393,"Ashwa village","returnee",302,"al.hatrareturnee"
"Ninewa","al.hatra",33193,"Mreka Village","returnee",27,"al.hatrareturnee"
"Ninewa","al.hatra",17126,"Markaz AL-Hatra","returnee",920,"al.hatrareturnee"
"Ninewa","al.hatra",33861,"Abu sanam janubi iVillage","returnee",200,"al.hatrareturnee"
"Ninewa","al.mosul",33265,"Al-Nafit","returnee",597,"al.mosulreturnee"
"Ninewa","al.mosul",33289,"Al Sikak","returnee",893,"al.mosulreturnee"
"Ninewa","al.mosul",33257,"Msherfa 2","returnee",942,"al.mosulreturnee"
"Al-Anbar","al.kaim",277,"Hay Al-Maamon","returnee",1364,"al.kaimreturnee"
"Al-Anbar","al.falluja",21201,"Albu Shihab","returnee",1058,"al.fallujareturnee"
"Ninewa","al.mosul",33252,"Al-Sinaa Al-Qadema","returnee",1351,"al.mosulreturnee"
"Ninewa","tilkaef",33404,"AL-sheek Maaroof village","returnee",45,"tilkaefreturnee"
"Al-Anbar","al.falluja",33342,"Hay Jbeal","returnee",3135,"al.fallujareturnee"
"Ninewa","al.mosul",31775,"Al-Areej Village","returnee",3000,"al.mosulreturnee"
"Ninewa","tilkaef",33174,"Tel Al-raes Al-thania Village","returnee",1203,"tilkaefreturnee"
"Ninewa","al.mosul",18367,"Al-Yarmuk","returnee",2367,"al.mosulreturnee"
"Ninewa","al.mosul",31912,"Bahzani","returnee",3300,"al.mosulreturnee"
"Al-Anbar","haditha",23811,"Hay Barwanah Al Gharbiyah","returnee",210,"hadithareturnee"
"Al-Anbar","haditha",24315,"Hay Al Rahman","returnee",260,"hadithareturnee"
"Ninewa","al.mosul",21007,"Zanjili","returnee",3538,"al.mosulreturnee"
"Al-Anbar","haditha",23812,"Hay Ibn Bittar","returnee",220,"hadithareturnee"
"Ninewa","al.mosul",21258,"Tal Al-Rumman","returnee",2764,"al.mosulreturnee"
"Ninewa","al.mosul",18372,"Al-Wahda","returnee",2323,"al.mosulreturnee"
"Al-Anbar","haditha",33820,"Hay Al_salam","returnee",143,"hadithareturnee"
"Ninewa","al.mosul",21580,"Orta akrab Village","returnee",544,"al.mosulreturnee"
"Al-Anbar","haditha",23813,"Hay Al Shuhadaa","returnee",115,"hadithareturnee"
"Ninewa","al.mosul",18369,"Al-Khadraa","returnee",817,"al.mosulreturnee"
"Al-Anbar","al.kaim",272,"Hay 12 Rabee Alawal","returnee",614,"al.kaimreturnee"
"Al-Anbar","haditha",79,"Hay Al-Subhani","returnee",145,"hadithareturnee"
"Ninewa","al.mosul",18009,"Mjareen Village","returnee",1200,"al.mosulreturnee"
"Ninewa","al.mosul",20782,"Al-Muharibeen","returnee",494,"al.mosulreturnee"
"Ninewa","sinjar",27285,"Borek","returnee",1923,"sinjarreturnee"
"Ninewa","sinjar",33655,"Kani Edo","returnee",13,"sinjarreturnee"
"Ninewa","sinjar",34036,"Hay Al Shafaa","returnee",119,"sinjarreturnee"
"Ninewa","sinjar",27399,"Sharaf Alddin","returnee",160,"sinjarreturnee"
"Ninewa","sinjar",33998,"Hazeel Al-Kabeer Village","returnee",137,"sinjarreturnee"
"Ninewa","sinjar",34038,"Hay Al Mamoon","returnee",390,"sinjarreturnee"
"Ninewa","sinjar",18048,"Guhbal and shorka","returnee",650,"sinjarreturnee"
"Ninewa","sinjar",27358,"Kolka","returnee",81,"sinjarreturnee"
"Ninewa","sinjar",33651,"Zaytoniya","returnee",43,"sinjarreturnee"
"Al-Anbar","haditha",24117,"Haqlaniyah-Hay Al-Faroq","returnee",50,"hadithareturnee"
"Ninewa","sinjar",33873,"Sibaya harrush","returnee",45,"sinjarreturnee"
"Ninewa","sinjar",23274,"Hay Alqadseya","returnee",89,"sinjarreturnee"
"Al-Anbar","haditha",23820,"Hay K 28","returnee",380,"hadithareturnee"
"Ninewa","sinjar",27287,"Zorava and zirwa","returnee",731,"sinjarreturnee"
"Ninewa","sinjar",17928,"Sinuni center","returnee",1021,"sinjarreturnee"
"Ninewa","sinjar",18016,"Golat","returnee",354,"sinjarreturnee"
"Ninewa","telafar",17617,"Qasr Sarij","returnee",900,"telafarreturnee"
"Al-Anbar","haditha",23817,"Hay Al Shay","returnee",214,"hadithareturnee"
"Ninewa","telafar",25807,"Hay althahabe","returnee",208,"telafarreturnee"
"Al-Anbar","haditha",23822,"Albu Hayat","returnee",304,"hadithareturnee"
"Al-Anbar","haditha",24109,"Barwanah-Hay Al-Shurta","returnee",587,"hadithareturnee"
"Ninewa","telafar",27304,"Kharabat Ashiq","returnee",963,"telafarreturnee"
"Ninewa","telafar",23648,"Sahilah Village","returnee",175,"telafarreturnee"
"Ninewa","telafar",17625,"Eayan Alturs","returnee",305,"telafarreturnee"
"Ninewa","telafar",34048,"Hay Al Noor Al Thania","returnee",703,"telafarreturnee"
"Al-Anbar","heet",21264,"Basair","returnee",1376,"heetreturnee"
"Ninewa","telafar",28439,"Tal Talab vilage","returnee",111,"telafarreturnee"
"Ninewa","telafar",18302,"Hay Al wahda","returnee",2305,"telafarreturnee"
"Ninewa","telafar",33212,"Humur Eafin","returnee",13,"telafarreturnee"
"Al-Anbar","al.kaim",66,"Sadah","returnee",750,"al.kaimreturnee"
"Ninewa","telafar",22446,"Al Mafri","returnee",425,"telafarreturnee"
"Ninewa","telafar",33420,"Hay Al Zahraa","returnee",890,"telafarreturnee"
"Ninewa","telafar",25944,"Qasabat Zummar","returnee",4150,"telafarreturnee"
"Ninewa","telafar",25809,"Domez complex","returnee",652,"telafarreturnee"
"Ninewa","telafar",27356,"Tel shor","returnee",115,"telafarreturnee"
"Ninewa","tilkaef",21603,"Baawiza","returnee",930,"tilkaefreturnee"
"Ninewa","tilkaef",17949,"Derston","returnee",250,"tilkaefreturnee"
"Ninewa","tilkaef",33445,"Ammar Bet Village","returnee",205,"tilkaefreturnee"
"Ninewa","tilkaef",24682,"Al Quba","returnee",3600,"tilkaefreturnee"
"Ninewa","tilkaef",17133,"wanna center","returnee",1875,"tilkaefreturnee"
"Ninewa","al.shikhan",33541,"Shwedeg Sagheer","returnee",33,"al.shikhanreturnee"
"Ninewa","tilkaef",17602,"Kany-Sheren","returnee",220,"tilkaefreturnee"
"Ninewa","tilkaef",17600,"Hasan-Galad","returnee",162,"tilkaefreturnee"
"Ninewa","tilkaef",21601,"Sada Area","returnee",1605,"tilkaefreturnee"
"Ninewa","tilkaef",23415,"Semehla","returnee",143,"tilkaefreturnee"
"Ninewa","tilkaef",21605,"Musqalat Al-Shamalih","returnee",140,"tilkaefreturnee"
"Ninewa","tilkaef",17788,"Der Umtutha","returnee",500,"tilkaefreturnee"
"Salah Al-Din","al.daur",26077,"Hay Tal Al Banat","returnee",1219,"al.daurreturnee"
"Salah Al-Din","al.daur",20587,"Hay Abu Dalaf","returnee",1485,"al.daurreturnee"
"Salah Al-Din","al.daur",26078,"Hay Al Askri","returnee",831,"al.daurreturnee"
"Al-Anbar","heet",152,"Al Muhamdee","returnee",654,"heetreturnee"
"Salah Al-Din","al.daur",26116,"Al Mujammaa Al Sakani","returnee",2826,"al.daurreturnee"
"Salah Al-Din","al.daur",20746,"Al-Khadhra area","returnee",637,"al.daurreturnee"
"Salah Al-Din","al.daur",20713,"Hay Al Qadisiah","returnee",748,"al.daurreturnee"
"Salah Al-Din","al.daur",26080,"Hay Al Sharqiyah","returnee",586,"al.daurreturnee"
"Salah Al-Din","al.daur",26079,"Hay Al Aboor","returnee",910,"al.daurreturnee"
"Salah Al-Din","al.daur",26082,"Hay Al Mahad","returnee",350,"al.daurreturnee"
"Salah Al-Din","al.daur",26081,"Al Asriyah village","returnee",253,"al.daurreturnee"
"Salah Al-Din","balad",28420,"Albo Fadaus Village","returnee",526,"baladreturnee"
"Salah Al-Din","balad",25947,"Bezna Village","returnee",543,"baladreturnee"
"Salah Al-Din","balad",33790,"Al-Shehabbi Village","returnee",399,"baladreturnee"
"Salah Al-Din","beygee",33124,"Al-Salman village","returnee",1045,"beygeereturnee"
"Salah Al-Din","al.shirqat",20613,"Sudayrah Tak Tak Village","returnee",1049,"al.shirqatreturnee"
"Salah Al-Din","al.shirqat",33126,"Al-Sheekh Hamad Village","returnee",907,"al.shirqatreturnee"
"Salah Al-Din","al.shirqat",21955,"Hay Al-Khasim Al-Qadem village","returnee",760,"al.shirqatreturnee"
"Salah Al-Din","al.shirqat",20588,"Sudayrah Sufla Village","returnee",861,"al.shirqatreturnee"
"Salah Al-Din","al.shirqat",21347,"Al-Musehly Village","returnee",164,"al.shirqatreturnee"
"Salah Al-Din","al.shirqat",21004,"Hay Al Askari","returnee",894,"al.shirqatreturnee"
"Salah Al-Din","al.shirqat",33122,"Sudayrah Aulya Village","returnee",1746,"al.shirqatreturnee"
"Salah Al-Din","al.shirqat",21002,"Al Khanuga village","returnee",200,"al.shirqatreturnee"
"Salah Al-Din","al.shirqat",33402,"Shattye Al-Jider village","returnee",422,"al.shirqatreturnee"
"Salah Al-Din","al.shirqat",21349,"Al-Swedan Village","returnee",445,"al.shirqatreturnee"
"Salah Al-Din","al.shirqat",29655,"Hay Tal Baajah","returnee",459,"al.shirqatreturnee"
"Salah Al-Din","al.shirqat",29652,"Hay Al-noor","returnee",395,"al.shirqatreturnee"
"Al-Anbar","heet",33957,"alrashid","returnee",193,"heetreturnee"
"Salah Al-Din","al.shirqat",33123,"Sudayrah Westa Village","returnee",1126,"al.shirqatreturnee"
"Salah Al-Din","al.shirqat",29654,"Hay Al-Baladyat","returnee",342,"al.shirqatreturnee"
"Al-Anbar","heet",100,"Abu Tibban","returnee",1168,"heetreturnee"
"Salah Al-Din","beygee",33369,"Hay Altameem","returnee",638,"beygeereturnee"
"Salah Al-Din","beygee",23388,"Al Hamra village","returnee",315,"beygeereturnee"
"Salah Al-Din","beygee",22581,"Hay Tal Al Zatar-mahalla 219","returnee",459,"beygeereturnee"
"Salah Al-Din","beygee",24304,"Al Mushhaq Village","returnee",882,"beygeereturnee"
"Salah Al-Din","beygee",20607,"Hay Alrisalah","returnee",396,"beygeereturnee"
"Salah Al-Din","beygee",33434,"Sheik Ali village","returnee",412,"beygeereturnee"
"Al-Anbar","al.kaim",23647,"Al Aubaidi Al Qadima","returnee",603,"al.kaimreturnee"
"Salah Al-Din","beygee",23435,"Al-Zweeyah Village","returnee",2182,"beygeereturnee"
"Salah Al-Din","beygee",20689,"Markaz Makhoul","returnee",152,"beygeereturnee"
"Salah Al-Din","beygee",20720,"AL-Siniya","returnee",1959,"beygeereturnee"
"Al-Anbar","heet",137,"Saweeb","returnee",275,"heetreturnee"
"Salah Al-Din","beygee",22813,"Qaryat Al Sareen","returnee",650,"beygeereturnee"
"Salah Al-Din","beygee",20866,"Tal abu Jarad area-Mahalla 104","returnee",298,"beygeereturnee"
"Salah Al-Din","samarra",24305,"Al Namel Village","returnee",260,"samarrareturnee"
"Salah Al-Din","samarra",33715,"AL-Zahwer","returnee",110,"samarrareturnee"
"Salah Al-Din","balad",25742,"Al-Duloeyah-Hay Al Jubor","returnee",380,"baladreturnee"
"Al-Anbar","heet",33954,"jabil","returnee",546,"heetreturnee"
"Salah Al-Din","balad",20773,"Beshakan village","returnee",510,"baladreturnee"
"Salah Al-Din","balad",33437,"Aziz Balad","returnee",647,"baladreturnee"
"Salah Al-Din","balad",23056,"Jwezerat","returnee",551,"baladreturnee"
"Salah Al-Din","balad",20770,"Al-Duloeyah-Hay khazraj","returnee",413,"baladreturnee"
"Salah Al-Din","balad",29565,"Yathrib sub distrct","returnee",5832,"baladreturnee"
"Salah Al-Din","balad",20767,"Albu Jewari","returnee",513,"baladreturnee"
"Salah Al-Din","samarra",20673,"Al-Jillam area","returnee",983,"samarrareturnee"
"Salah Al-Din","samarra",29539,"Mahalla Makeshfa","returnee",2935,"samarrareturnee"
"Salah Al-Din","samarra",20674,"Al-Hewaish area","returnee",832,"samarrareturnee"
"Salah Al-Din","samarra",20695,"Al-Abasiya Village","returnee",488,"samarrareturnee"
"Salah Al-Din","samarra",33608,"Banat Al-hassan village","returnee",380,"samarrareturnee"
"Salah Al-Din","samarra",25926,"Hawi Albsat","returnee",507,"samarrareturnee"
"Salah Al-Din","samarra",20752,"Al_Jazera","returnee",2348,"samarrareturnee"
"Al-Anbar","heet",21473,"kibae","returnee",186,"heetreturnee"
"Salah Al-Din","tikrit",25960,"Hay Aljamiyaa","returnee",1155,"tikritreturnee"
"Salah Al-Din","tikrit",20638,"Hay Al Dhubbat","returnee",800,"tikritreturnee"
"Salah Al-Din","tikrit",20666,"Uwainat","returnee",615,"tikritreturnee"
"Al-Anbar","heet",33824,"Hay AL-zihoor","returnee",523,"heetreturnee"
"Salah Al-Din","tikrit",25922,"Qadisya 1 Mahala 214","returnee",2152,"tikritreturnee"
"Al-Anbar","heet",23848,"Zoyah Al-gharbiyah","returnee",400,"heetreturnee"
"Salah Al-Din","tikrit",21592,"Hay Al sinay-Al samad","returnee",765,"tikritreturnee"
"Salah Al-Din","tikrit",25950,"Tal-Al Sibaat Village","returnee",530,"tikritreturnee"
"Al-Anbar","heet",163,"Al Baker","returnee",1033,"heetreturnee"
"Salah Al-Din","tikrit",25949,"Al Bzikhah Village","returnee",400,"tikritreturnee"
"Salah Al-Din","tikrit",22331,"Al Baladiyat-402","returnee",507,"tikritreturnee"
"Salah Al-Din","tikrit",22965,"Hay Alqalaa","returnee",130,"tikritreturnee"
"Salah Al-Din","tikrit",27367,"Hay Alziraa","returnee",370,"tikritreturnee"
"Salah Al-Din","tikrit",21357,"Al Zallayah village","returnee",1268,"tikritreturnee"
"Salah Al-Din","tikrit",23702,"Qadisya 2 500 Area","returnee",1271,"tikritreturnee"
"Salah Al-Din","tikrit",25961,"Hay Alarbaen","returnee",416,"tikritreturnee"
"Al-Anbar","heet",33823,"AL-Moalimeen AL-Thaniya","returnee",275,"heetreturnee"
"Salah Al-Din","tikrit",23145,"Al Ahad Al Jadid village","returnee",750,"tikritreturnee"
"Salah Al-Din","tooz.khurmato",20484,"Chardaghli village","returnee",328,"tooz.khurmatoreturnee"
"Salah Al-Din","tooz.khurmato",25754,"Markaz Tooz-Hay Al Askari","returnee",43,"tooz.khurmatoreturnee"
"Al-Anbar","al.kaim",23788,"Hay Al Rashid","returnee",385,"al.kaimreturnee"
"Al-Anbar","al.kaim",271,"Door Al-Sikak","returnee",161,"al.kaimreturnee"
"Salah Al-Din","tooz.khurmato",25866,"Hay Komari-120","returnee",2488,"tooz.khurmatoreturnee"
"Salah Al-Din","tooz.khurmato",25868,"Hay Rizgari-114","returnee",1231,"tooz.khurmatoreturnee"
"Salah Al-Din","tooz.khurmato",21103,"Yangija Village","returnee",169,"tooz.khurmatoreturnee"
"Salah Al-Din","tooz.khurmato",25750,"Markaz Tooz-Hay Brayati","returnee",211,"tooz.khurmatoreturnee"
"Salah Al-Din","tooz.khurmato",27234,"Hay Al-Askary","returnee",85,"tooz.khurmatoreturnee"
"Salah Al-Din","tooz.khurmato",20529,"Sulayman Beg sub district center","returnee",1485,"tooz.khurmatoreturnee"
"Al-Anbar","heet",228,"Hay al Jury","returnee",1649,"heetreturnee"
"Al-Anbar","heet",41,"Jubbah","returnee",296,"heetreturnee"
"Al-Anbar","heet",33953,"zawiat alwustaa","returnee",703,"heetreturnee"
"Al-Anbar","al.kaim",23793,"Hay Al Askary","returnee",245,"al.kaimreturnee"
"Al-Anbar","al.kaim",23791,"Al Nahda Al-Sharqiyah","returnee",459,"al.kaimreturnee"
"Al-Anbar","ana",262,"Hay Al Shoba","returnee",254,"anareturnee"
"Al-Anbar","ana",264,"Al Qaala","returnee",288,"anareturnee"
"Al-Anbar","ana",23861,"Al-Hidayah","returnee",237,"anareturnee"
"Al-Anbar","ana",23859,"Hay Raua Al-Jadida","returnee",420,"anareturnee"
"Al-Anbar","ana",200,"Al Askaree","returnee",217,"anareturnee"
"Al-Anbar","al.ramadi",29579,"Al Dhubat 2","returnee",2294,"al.ramadireturnee"
"Al-Anbar","al.ramadi",133,"Al Aadil","returnee",1341,"al.ramadireturnee"
"Al-Anbar","al.ramadi",29561,"Hay 8 Shbbat","returnee",1316,"al.ramadireturnee"
"Al-Anbar","al.ramadi",20939,"Al-Hamidhiyah","returnee",1184,"al.ramadireturnee"
"Al-Anbar","al.ramadi",297,"Al-Thilah","returnee",1994,"al.ramadireturnee"
"Al-Anbar","al.ramadi",25650,"Al Askari","returnee",1702,"al.ramadireturnee"
"Al-Anbar","al.ramadi",29534,"Al Shuhadaa Qtr","returnee",1601,"al.ramadireturnee"
"Al-Anbar","al.ramadi",204,"Hay 30 Tamooz","returnee",1802,"al.ramadireturnee"
"Al-Anbar","al.ramadi",23891,"Al-Ankor","returnee",945,"al.ramadireturnee"
"Al-Anbar","al.ramadi",33832,"AL-mlahma","returnee",1358,"al.ramadireturnee"
"Al-Anbar","al.ramadi",113,"Husaibah Al-Sharqiah","returnee",1881,"al.ramadireturnee"
"Al-Anbar","al.kaim",156,"Wazeeriya","returnee",513,"al.kaimreturnee"
"Al-Anbar","al.ramadi",21086,"Albu-Ali Aljasim","returnee",1775,"al.ramadireturnee"
"Al-Anbar","al.ramadi",23023,"Hay Al Malab","returnee",2007,"al.ramadireturnee"
"Al-Anbar","al.ramadi",34016,"Hay Al-Aramel","returnee",1200,"al.ramadireturnee"
"Al-Anbar","al.ramadi",29475,"Zankura","returnee",5509,"al.ramadireturnee"
"Al-Anbar","al.ramadi",25441,"Al Soora","returnee",1634,"al.ramadireturnee"
"Baghdad","al.kadhmiyah",33302,"Al Sheiti village","returnee",61,"al.kadhmiyahreturnee"
"Baghdad","al.mahmoudiya",32034,"Al Kamazan village","returnee",101,"al.mahmoudiyareturnee"
"Baghdad","al.mahmoudiya",29532,"Al Shanadka village","returnee",118,"al.mahmoudiyareturnee"
"Baghdad","al.kadhmiyah",31710,"Al Zaidan-Al Sadan village","returnee",260,"al.kadhmiyahreturnee"
"Baghdad","al.kadhmiyah",32036,"Al Masara village","returnee",135,"al.kadhmiyahreturnee"
"Baghdad","al.kadhmiyah",22541,"Sabea Al Buor-12000","returnee",180,"al.kadhmiyahreturnee"
"Baghdad","al.kadhmiyah",25168,"Sabea Al Buor-14000","returnee",311,"al.kadhmiyahreturnee"
"Al-Anbar","ana",21477,"Al Zalla","returnee",228,"anareturnee"
"Baghdad","al.kadhmiyah",25163,"Sabea Al Buor-7000","returnee",175,"al.kadhmiyahreturnee"
"Baghdad","al.kadhmiyah",22611,"Sabea Al Buor-13000","returnee",76,"al.kadhmiyahreturnee"
"Baghdad","al.kadhmiyah",25164,"Sabea Al Buor-8000","returnee",238,"al.kadhmiyahreturnee"
"Baghdad","al.mahmoudiya",32101,"Al Rasool village-(Al Jomblatiya Southern)","returnee",190,"al.mahmoudiyareturnee"
"Baghdad","al.mahmoudiya",29525,"Al Bu Hasson(Al kragolyia)","returnee",49,"al.mahmoudiyareturnee"
"Al-Anbar","al.kaim",33175,"Tiwaan","returnee",159,"al.kaimreturnee"
"Babil","al.mussyab",33105,"Al Moammen Billah-(Al Jomblatiya Southern)","returnee",295,"al.mussyabreturnee"
"Baghdad","al.mahmoudiya",29523,"Hay Al Shuhada(Al kragolyia)","returnee",1050,"al.mahmoudiyareturnee"
"Baghdad","al.mahmoudiya",7682,"Albo Awasj village","returnee",615,"al.mahmoudiyareturnee"
"Babil","al.mussyab",33109,"Al Motokal village-(Al Jomblatiya Northern)","returnee",175,"al.mussyabreturnee"
"Baghdad","al.mahmoudiya",33183,"Al Rasheediya Village","returnee",300,"al.mahmoudiyareturnee"
"Baghdad","al.mahmoudiya",33107,"Al Imam Ali village-(Al Jomblatiya Southern)","returnee",200,"al.mahmoudiyareturnee"
"Baghdad","al.mahmoudiya",33225,"Albu Moufarrej Village","returnee",350,"al.mahmoudiyareturnee"
"Baghdad","al.mahmoudiya",7685,"shaka-4","returnee",106,"al.mahmoudiyareturnee"
"Baghdad","al.mahmoudiya",29528,"Hay Al Dobat(Al kragolyia)","returnee",210,"al.mahmoudiyareturnee"
"Baghdad","al.mahmoudiya",22382,"Al Muaghith village-(Al Jomblatiya Southern)","returnee",210,"al.mahmoudiyareturnee"
"Babil","al.mussyab",33110,"Al Abraar village-(Al Jomblatiya Northern)","returnee",300,"al.mussyabreturnee"
"Baghdad","al.mahmoudiya",7350,"Al Mustafa village-(Al Jomblatiya Southern)","returnee",400,"al.mahmoudiyareturnee"
"Baghdad","al.mahmoudiya",33104,"Al Azez Al Ghaffar-(Al Jomblatiya Southern)","returnee",120,"al.mahmoudiyareturnee"
"Baghdad","al.kadhmiyah",33458,"14 Abar village 5","returnee",94,"al.kadhmiyahreturnee"
"Baghdad","al.kadhmiyah",33469,"14 Abar villge 7","returnee",78,"al.kadhmiyahreturnee"
"Baghdad","al.kadhmiyah",33478,"13 Al Dhabat-Al Harat village","returnee",86,"al.kadhmiyahreturnee"
"Baghdad","al.kadhmiyah",33764,"Asmail Mohammed village","returnee",33,"al.kadhmiyahreturnee"
"Baghdad","al.kadhmiyah",33511,"13 Al Dhabat-Albo Abdo village","returnee",91,"al.kadhmiyahreturnee"
"Duhok","zakho",23620,"Fishkhaboor","returnee",128,"zakhoreturnee"
"Diyala","al.khalis",26074,"Arab Hafeedh Village","returnee",135,"al.khalisreturnee"
"Diyala","al.khalis",25676,"Al Mansouriyah-Hamada Village","returnee",150,"al.khalisreturnee"
"Al-Anbar","al.rutba",231,"Al Wadi","returnee",344,"al.rutbareturnee"
"Diyala","al.khalis",25669,"Somair village","returnee",200,"al.khalisreturnee"
"Al-Anbar","al.rutba",233,"Hay Al-Matar","returnee",697,"al.rutbareturnee"
"Diyala","al.khalis",11270,"Um al Hawali village","returnee",126,"al.khalisreturnee"
"Al-Anbar","al.rutba",165,"Al Askaree","returnee",256,"al.rutbareturnee"
"Diyala","al.khalis",26058,"Dalli Abass-Al-Shuhada Qtr","returnee",271,"al.khalisreturnee"
"Al-Anbar","al.rutba",23935,"Al-Daraemah Village","returnee",420,"al.rutbareturnee"
"Al-Anbar","al.rutba",150,"Al Haara","returnee",555,"al.rutbareturnee"
"Diyala","al.khalis",26075,"Al Dwaleeb Village","returnee",200,"al.khalisreturnee"
"Diyala","al.khalis",25682,"Mohammed Ali Village","returnee",250,"al.khalisreturnee"
"Diyala","al.khalis",28463,"Al Taleaa Al Olaa Village(Albo Rai)","returnee",90,"al.khalisreturnee"
"Diyala","al.khalis",25655,"Dalli Abass-Al Moalmeen Qtr","returnee",305,"al.khalisreturnee"
"Diyala","al.khalis",25678,"Dawod Al-Salom village","returnee",164,"al.khalisreturnee"
"Al-Anbar","al.rutba",167,"Antesar","returnee",986,"al.rutbareturnee"
"Diyala","al.khalis",25672,"Habib Al Khaizaran Village","returnee",240,"al.khalisreturnee"
"Diyala","al.khalis",25677,"Hamza Al Najim Village","returnee",127,"al.khalisreturnee"
"Diyala","al.khalis",25653,"Dalli Abass-Al Shekh Hassan Qtr","returnee",262,"al.khalisreturnee"
"Al-Anbar","al.rutba",23888,"Gharb Al-Wadi","returnee",751,"al.rutbareturnee"
"Al-Anbar","al.rutba",166,"Hay Al Meethagh","returnee",479,"al.rutbareturnee"
"Diyala","al.khalis",25673,"Habib Al Abdulla Village","returnee",549,"al.khalisreturnee"
"Diyala","al.muqdadiya",26115,"Shak Al Rak Village","returnee",888,"al.muqdadiyareturnee"
"Diyala","al.muqdadiya",10948,"Abo Garma village","returnee",52,"al.muqdadiyareturnee"
"Diyala","al.muqdadiya",11179,"Baloor Village","returnee",350,"al.muqdadiyareturnee"
"Diyala","al.muqdadiya",25805,"Al Somood Qtr","returnee",160,"al.muqdadiyareturnee"
"Al-Anbar","ana",109,"Yarmouk","returnee",293,"anareturnee"
"Diyala","al.muqdadiya",25804,"Al Mataar Qtr","returnee",380,"al.muqdadiyareturnee"
"Diyala","al.muqdadiya",25948,"Nofal village","returnee",498,"al.muqdadiyareturnee"
"Diyala","al.muqdadiya",11355,"AlTaiha Qtr","returnee",312,"al.muqdadiyareturnee"
"Diyala","al.muqdadiya",11440,"Al Qalaa Village","returnee",475,"al.muqdadiyareturnee"
"Al-Anbar","ana",253,"Hay Al Salam","returnee",191,"anareturnee"
"Diyala","al.muqdadiya",25668,"Al Wazan Village","returnee",82,"al.muqdadiyareturnee"
"Diyala","al.muqdadiya",26027,"Al Shamamla Village","returnee",63,"al.muqdadiyareturnee"
"Diyala","al.muqdadiya",25657,"Abu musa village","returnee",205,"al.muqdadiyareturnee"
"Diyala","al.muqdadiya",26030,"A Hammadi Village","returnee",169,"al.muqdadiyareturnee"
"Diyala","al.muqdadiya",11442,"Al Isaiwed Village","returnee",390,"al.muqdadiyareturnee"
"Diyala","al.khalis",11312,"Al Sodoor","returnee",122,"al.khalisreturnee"
"Diyala","al.muqdadiya",25674,"Haj fadhil village","returnee",29,"al.muqdadiyareturnee"
"Diyala","khanaqin",31762,"Al Shuhada Qtr Sector 6","returnee",475,"khanaqinreturnee"
"Al-Anbar","ana",23799,"Hay Al ZeraI","returnee",166,"anareturnee"
"Diyala","khanaqin",31753,"Al Jamahir Qtr Sector 2","returnee",350,"khanaqinreturnee"
"Diyala","khanaqin",31749,"Al Oroba Qtr Sector 3","returnee",200,"khanaqinreturnee"
"Al-Anbar","ana",248,"Al bor (Shishan)","returnee",184,"anareturnee"
"Diyala","khanaqin",31768,"Al Nakheel Village","returnee",31,"khanaqinreturnee"
"Diyala","khanaqin",33585,"Al Taleaa 2 Qtr ( Al Kelya )","returnee",295,"khanaqinreturnee"
"Al-Anbar","ana",249,"Hay Al Tammem","returnee",246,"anareturnee"
"Diyala","khanaqin",32021,"Al Asakraa village","returnee",325,"khanaqinreturnee"
"Diyala","khanaqin",31761,"Al Shuhada Qtr Sector 5","returnee",425,"khanaqinreturnee"
"Diyala","khanaqin",31765,"Al Wehdaa Qtr Sector 4","returnee",325,"khanaqinreturnee"
"Diyala","khanaqin",29570,"Al Shuhada Qtr Sector 1","returnee",300,"khanaqinreturnee"
"Diyala","khanaqin",31754,"Al Jamahir Qtr Sector 3","returnee",355,"khanaqinreturnee"
"Diyala","khanaqin",29630,"Murjana village","returnee",340,"khanaqinreturnee"
"Al-Anbar","ana",251,"Hay Al Qadissiyah","returnee",207,"anareturnee"
"Diyala","khanaqin",31752,"Al Taleaa Qtr ( sector 5 )","returnee",410,"khanaqinreturnee"
"Al-Anbar","ana",252,"Al Tadamon","returnee",243,"anareturnee"
"Diyala","khanaqin",29564,"Al Taleaa Qtr ( sector 2 )","returnee",378,"khanaqinreturnee"
"Diyala","khanaqin",31764,"Al Wehdaa Qtr Sector 3","returnee",275,"khanaqinreturnee"
"Erbil","makhmour",13500,"Bndiyan","returnee",160,"makhmourreturnee"
"Erbil","makhmour",13352,"Gwer","returnee",2226,"makhmourreturnee"
"Erbil","makhmour",13675,"Sherwany","returnee",650,"makhmourreturnee"
"Erbil","makhmour",12461,"Jarallah","returnee",117,"makhmourreturnee"
"Erbil","makhmour",13674,"Shahidan","returnee",480,"makhmourreturnee"
"Erbil","makhmour",22976,"Qalat","returnee",270,"makhmourreturnee"
"Al-Anbar","al.falluja",169,"Al Shurta","returnee",2936,"al.fallujareturnee"
"Erbil","makhmour",13516,"Qabr Alsyd","returnee",65,"makhmourreturnee"
"Erbil","makhmour",33846,"Darmenawa","returnee",41,"makhmourreturnee"
"Erbil","makhmour",12512,"Gardahara","returnee",65,"makhmourreturnee"
"Erbil","makhmour",13501,"Kurdistan","returnee",300,"makhmourreturnee"
"Kirkuk","al.hawiga",15006,"Al-Abasiyah Village","returnee",81,"al.hawigareturnee"
"Kirkuk","al.hawiga",15594,"Al Askary","returnee",840,"al.hawigareturnee"
"Al-Anbar","al.falluja",21321,"Al Daffar","returnee",1000,"al.fallujareturnee"
"Kirkuk","al.hawiga",33287,"Tall AL-Dhahab ( As-Sufla ) village","returnee",218,"al.hawigareturnee"
"Kirkuk","al.hawiga",15275,"Al-Abassy center","returnee",1513,"al.hawigareturnee"
"Kirkuk","al.hawiga",15250,"Al-Namalah village","returnee",319,"al.hawigareturnee"
"Al-Anbar","al.falluja",33780,"Al-Bijara","returnee",110,"al.fallujareturnee"
"Kirkuk","al.hawiga",15191,"Al-zab","returnee",1519,"al.hawigareturnee"
"Kirkuk","al.hawiga",33576,"Al-Farouk Village","returnee",90,"al.hawigareturnee"
"Kirkuk","al.hawiga",15242,"Al-Jubooria Village","returnee",237,"al.hawigareturnee"
"Kirkuk","al.hawiga",24362,"Shamitt Village","returnee",1560,"al.hawigareturnee"
"Salah Al-Din","beygee",14555,"Shajara village","returnee",661,"beygeereturnee"
"Kirkuk","al.hawiga",33291,"Al-Salhaiyah village","returnee",96,"al.hawigareturnee"
"Kirkuk","al.hawiga",15264,"Bakara Village","returnee",300,"al.hawigareturnee"
"Al-Anbar","al.kaim",287,"Hay Al-Makarim","returnee",295,"al.kaimreturnee"
"Kirkuk","al.hawiga",15416,"Hilwa middle","returnee",684,"al.hawigareturnee"
"Kirkuk","al.hawiga",15368,"Al-Mansuriyah ( Al-Abazz) village","returnee",108,"al.hawigareturnee"
"Al-Anbar","al.falluja",176,"Al-andalus","returnee",2769,"al.fallujareturnee"
"Salah Al-Din","beygee",15271,"Sobieh village","returnee",430,"beygeereturnee"
"Kirkuk","al.hawiga",15614,"8 Shabahit","returnee",164,"al.hawigareturnee"
"Al-Anbar","al.falluja",148,"Al-waheda","returnee",2227,"al.fallujareturnee"
"Kirkuk","dibis",15674,"Hay Al-Shuhadaa","returnee",15,"dibisreturnee"
"Kirkuk","dibis",14375,"Altun Kupri Center","returnee",866,"dibisreturnee"
"Kirkuk","dibis",33384,"Hay Diyarbakir","returnee",25,"dibisreturnee"
"Kirkuk","dibis",15463,"Qutan village","returnee",80,"dibisreturnee"
"Kirkuk","dibis",33383,"Hay Kurdistan","returnee",40,"dibisreturnee"
"Kirkuk","dibis",14407,"Qashqaiyah village","returnee",135,"dibisreturnee"
"Kirkuk","daquq",29631,"Arab Koy village","returnee",75,"daquqreturnee"
"Kirkuk","daquq",15139,"Khaled bin Waleed village","returnee",95,"daquqreturnee"
"Kirkuk","daquq",14864,"Albu Mahammad","returnee",25,"daquqreturnee"
"Kirkuk","daquq",14788,"Wahda village","returnee",90,"daquqreturnee"
"Al-Anbar","al.falluja",125,"Hay Al Dhubbat","returnee",3662,"al.fallujareturnee"
"Kirkuk","daquq",21814,"Saad Bin Waqqas village","returnee",210,"daquqreturnee"
"Kirkuk","daquq",31725,"Hay Gulan","returnee",90,"daquqreturnee"
"Kirkuk","daquq",33477,"Hay Runaki / Daquq","returnee",80,"daquqreturnee"
"Kirkuk","daquq",14786,"Fareeq Awa","returnee",120,"daquqreturnee"
"Kirkuk","kirkuk",14763,"Rahim Awa","returnee",5500,"kirkukreturnee"
"Kirkuk","daquq",33112,"Al-Rashad center","returnee",40,"daquqreturnee"
"Kirkuk","kirkuk",28410,"Sekanyan","returnee",50,"kirkukreturnee"
"Kirkuk","kirkuk",31726,"Al-Qadisssiya(Rabareen) first","returnee",1000,"kirkukreturnee"
"Kirkuk","kirkuk",15442,"Shorawo","returnee",1500,"kirkukreturnee"
"Kirkuk","daquq",14567,"Al-Dookmat Al-Kabira village","returnee",74,"daquqreturnee"
"Al-Anbar","al.falluja",299,"Al-Julan","returnee",2838,"al.fallujareturnee"
"Kirkuk","kirkuk",21702,"Hay Azadi","returnee",4000,"kirkukreturnee"
"Kirkuk","kirkuk",31727,"Al-Qadisssiya(Rabareen) seconad","returnee",1100,"kirkukreturnee"
"Kirkuk","kirkuk",14530,"Panja Ali","returnee",4450,"kirkukreturnee"
"Kirkuk","kirkuk",14984,"Al Taakhi","returnee",150,"kirkukreturnee"
"Kirkuk","kirkuk",22289,"Al Faylaq-Mahala 5","returnee",1125,"kirkukreturnee"
"Al-Anbar","al.falluja",33467,"Hay Al Mansour Tawzi Al Jadeed","returnee",570,"al.fallujareturnee"
"Kirkuk","kirkuk",24084,"Al Tadamon(Hawkari)","returnee",250,"kirkukreturnee"
"Kirkuk","kirkuk",25556,"Darwaza","returnee",3000,"kirkukreturnee"
"Kirkuk","kirkuk",25708,"Al Hendia","returnee",85,"kirkukreturnee"
"Al-Anbar","al.falluja",324,"Albu Aifan","returnee",871,"al.fallujareturnee"
"Ninewa","al.baaj",34010,"Al-Dubaat","returnee",187,"al.baajreturnee"
"Ninewa","al.baaj",34014,"Hateen","returnee",346,"al.baajreturnee"
"Ninewa","al.baaj",33431,"Al-Rashediyah","returnee",42,"al.baajreturnee"
"Ninewa","al.baaj",33854,"Maisaloun","returnee",275,"al.baajreturnee"
"Ninewa","al.baaj",34082,"Al-ayaine","returnee",20,"al.baajreturnee"
"Ninewa","al.baaj",33856,"Sheekht Al-Majfal Village","returnee",25,"al.baajreturnee"
"Ninewa","al.baaj",34027,"mushirfa Al kuffa","returnee",58,"al.baajreturnee"
"Ninewa","al.baaj",34008,"Al-Risalah","returnee",357,"al.baajreturnee"
"Ninewa","al.baaj",34009,"Al Intisar","returnee",400,"al.baajreturnee"
"Ninewa","al.baaj",33915,"Thry algarah","returnee",55,"al.baajreturnee"
"Al-Anbar","al.falluja",22134,"Albu Khalifa","returnee",2121,"al.fallujareturnee"
