type,name,label::English,label::Arabic,hint::English,hint::Arabic,required,relevant,choice_filter,constraint,constraint_message::English,constraint_message::Arabic,calculation,appearance,repeat_count,,,,,,,,,,,
start,start,,,,,,,,,,,,,,,,,,,,,,,,
end,end,,,,,,,,,,,,,,,,,,,,,,,,
today,date_assessment,,,,,,,,,,,,,,,,,,,,,,,,
audit,audit,,,,,,,,,,,,,,,,,,,,,,,,
deviceid,deviceid,,,,,,,,,,,,,,,,,,,,,,,,
integer,enumerator_num,1. Please record your enumerator number,رقم العامل,To be filled in by enumerator,يتم ادخالها من قبل الموظف,true,,,,,,,,,,,,,,,,,,,
select_one dc_method,dc_method,2. Is this interview conducted face to face or remotely over the phone?,هل تم اجراء هذه المقابلة وجهاً لوجه ام انها كانت عن طرق الاتصال بالهاتف؟,,,,,,,,,,,,,,,,,,,,,,
begin_group,remote,Remote Interview,,,,,"selected(${dc_method}, 'remote')",,,,,,,,,,,,,,,,,,
select_one yes_no,consent_remote,"4. Hello, my name is ___ and I work for REACH Initiative. Since 2012, my organization has been conducting interviews with people across Iraq to inform the humanitarian response in Iraq. We ask households about their living conditions and challenges, in order to get a better understanding of how aid organizations can support the people of Iraq. Usually we do this face to face, but due to the COVID-19 pandemic, it is better to call people instead. This interview will take around 40 minutes, whatever you say is treated with strict confidentiality and your answers remain anonymous at all time (no personal information will be shared with anyone, not even whether you participated in this interview or not). You are free to stop the interview at any time, or decline to answer certain questions. The information you provide us will be used in reports and shared with humanitarian decision-makers in Iraq. Do you agree to participate? ","مرحبًا ، اسمي ___ وأعمل في مبادرة REACH. منذ عام 2012 ، تجري منظمتي مقابلات مع أشخاص في جميع أنحاء العراق لإبلاغ الاستجابة الإنسانية في العراق. نسأل الأسر عن ظروف معيشتهم وتحدياتهم ، من أجل الحصول على فهم أفضل لكيفية مساعدة منظمات المساعدة لشعب العراق. عادة نقوم بذلك وجهاً لوجه ، ولكن بسبب جائحة COVID-19 ، من الأفضل الاتصال بالأشخاص بدلاً من ذلك. ستستغرق هذه المقابلة حوالي 40 دقيقة ، أيًا كان ما تقوله يتم التعامل معه بسرية تامة وستظل إجاباتك مجهولة في جميع الأوقات (لن تتم مشاركة أي معلومات شخصية مع أي شخص ، حتى إذا كنت قد شاركت في هذه المقابلة أم لا). لك مطلق الحرية في إيقاف المقابلة في أي وقت ، أو رفض الإجابة على أسئلة معينة. سيتم استخدام المعلومات التي تقدمها لنا في التقارير ومشاركتها مع صناع القرار الإنساني في العراق. هل توافق على المشاركة؟",,,true,,,.='yes',End survey if the person is not willing to participate,الرجاء انهاء الاستبيان اذا كان المجيب لا يريد التكلم,,,,,,,,,,,,,,
select_one governorate_mcna,governorate_mcna_r,5. Which governorate do you currently live in?,المحافظة الحالية,"If the governorate cannot be found on the list, the household is not eligible for the MCNA","اذا لم تجد اسم المحافظة في اللائحة، فهذا يعني بأن الاسرة ليست مؤهلة للمقابلة في هذا الاستبيان",true,,,,,,,,,,,,,,,,,,,
select_one district_mcna,district_mcna,Which district do you currently live in?,ماهو رمز هذا الموقع ( استخرجه من الخريطة),"If the district cannot be found on the list, the household is not eligible for the MCNA","اذا لم تجد اسم القضاء في اللائحة، فهذا يعني بأن الاسرة ليست مؤهلة للمقابلة في هذا الاستبيان",true,,filter=${governorate_mcna_r},,,,,,,,,,,,,,,,,
select_one yes_no,hhh_r,6. Are you the head of household?,هل انت رب الاسرة؟,"A household is a group of people who regularly share meals, income, and expenditures together. Members must acknowledge the authority of one person as head of household and that person must actually live with the rest of the household members. In polygamous households, each wife is treated as a distinct household when the wives live in different houses, cook separately and take decisions independently.","االأسرة عبارة عن مجموعة من الأشخاص الذين يشاركون بانتظام وجبات الطعام والدخل والنفقات معًا. يجب أن يقر الأعضاء بسلطة شخص واحد بصفته رب الأسرة ويجب أن يعيش هذا الشخص بالفعل مع بقية أفراد الأسرة. في الأسر متعددة الزوجات ، تعامل كل زوجة على أنها أسرة متميزة عندما تعيش الزوجات في منازل مختلفة ، وتطبخ بشكل منفصل وتتخذ القرارات بشكل مستقل.",true,,,,,,,,,,,,,,,,,,,
select_one yes_no,will_to_response_r,"6.1 If no, are you willing and able to respond to the questions on behalf of the household?","اذا كلا, هل انت قادر و مستعد للاجابة على الاسئلة بالنيابة عنه؟",,,true,"selected(${hhh_r}, 'no')",,.='yes',End survey if the person is not willing respond on behalf or his/her household,الرجاء انهاء الاستبيان اذا كان المجيب لا يريد التكلم,,,,,,,,,,,,,,
integer,age_respondent_r,7. What is your age?,عمر المجيب,,,true,,,.> 17 and .< 120,Age cannot be below 18 and above 120,لا يمكن ان يكون العمر تحت سن ال18 وفوق ال120 سنة,,,,,,,,,,,,,,
select_one sex,gender_respondent_r,8. Respondent's sex,جنس المجيب,,,true,,,,,,,,,,,,,,,,,,,
end_group,remote,,,,,,,,,,,,,,,,,,,,,,,,
begin_group,in_person,In Person Interview,,,,,"selected(${dc_method}, 'in_person')",,,,,,,,,,,,,,,,,,
select_one governorate_mcna,governorate_mcna,3. Current Governorate,المحافظة الحالية,To be filled in by enumerator,يتم ادخالها من قبل الموظف,true,,,,,,,,,,,,,,,,,,,
select_one cluster,cluster_location_id,4. What is the ID number of your Location?,ماهو رمز هذا الموقع ( استخرجه من الخريطة),To be filled in by enumerator,يتم ادخالها من قبل الموظف,true,,filter=${governorate_mcna},,,,,,,,,,,,,,,,,
select_one yes_no,consent,"5. Hello, my name is __ and I work for REACH initiative. We are conducting interviews in order to inform the humanitarian response in Iraq. This interview will take around 40 minutes,  and your answers will remain anonymous and you are free to withdraw at any moment during the survey. The information you provide us will be used in reports and factsheets and shared with humanitarian decision-makers in Iraq. Do you agree to participate?","مرحبا , انا اسمي __ وانا اعمل لدى مبادرة REACH. نحن نجري المقابلات من أجل الابلاغ والحصول على الاستجابة الإنسانية في العراق. وهذه المقابلة تستغرق حوالي 40 دقيقة. وستبقى إجاباتك سرية. لك الحق في التوقف عن الاجابة في اي لحظة من الاستبيان.سيتم استخدام المعلومات التي تزودنا بها في التقارير وأوراق الحقائق وسيتم مشاركتها مع صناع القرار الإنساني في العراق. هل توافق على المشاركة؟ هل توافق على المشاركة؟",,"اذا كلا، الرجاء انهاء المقابلة  والانتقال الى اسرة اخرى",true,,,.='yes',End survey if the person is not willing to participate,الرجاء انهاء الاستبيان اذا كان المجيب لا يريد التكلم,,,,,,,,,,,,,,
select_one yes_no,hhh,6. Are you the head of household?,هل انت رب الاسرة؟,"A household is a group of people who regularly share meals, income, and expenditures together. Members must acknowledge the authority of one person as head of household and that person must actually live with the rest of the household members. In polygamous households, each wife is treated as a distinct household when the wives live in different houses, cook separately and take decisions independently.","االأسرة عبارة عن مجموعة من الأشخاص الذين يشاركون بانتظام وجبات الطعام والدخل والنفقات معًا. يجب أن يقر الأعضاء بسلطة شخص واحد بصفته رب الأسرة ويجب أن يعيش هذا الشخص بالفعل مع بقية أفراد الأسرة. في الأسر متعددة الزوجات ، تعامل كل زوجة على أنها أسرة متميزة عندما تعيش الزوجات في منازل مختلفة ، وتطبخ بشكل منفصل وتتخذ القرارات بشكل مستقل.",true,,,,,,,,,,,,,,,,,,,
select_one yes_no,will_to_response,"6.1 If no, are you willing and able to respond to the questions on behalf of the household?","اذا كلا, هل انت قادر و مستعد للاجابة على الاسئلة بالنيابة عنه؟",,"اذا كلا، الرجاء انهاء المقابلة  والانتقال الى اسرة اخرى",true,"selected(${hhh}, 'no')",,.='yes',End survey if the person is not willing respond on behalf or his/her household,الرجاء انهاء الاستبيان اذا كان المجيب لا يريد التكلم,,,,,,,,,,,,,,
integer,age_respondent,7. What is your age?,عمر المجيب,,,true,,,.> 17 and .< 120,Age cannot be below 18 and above 120,لا يمكن ان يكون العمر تحت سن ال18 وفوق ال120 سنة,,,,,,,,,,,,,,
select_one sex,gender_respondent,8. Respondent's sex,جنس المجيب,,,true,,,,,,,,,,,,,,,,,,,
end_group,in_person,,,,,,,,,,,,,,,,,,,,,,,,
begin_group,displacement_profile,Displacement Profile,,,,,"selected(${consent_remote}, 'yes') or selected(${consent}, 'yes')",,,,,,,,,,,,,,,,,,
select_one yes_no,displace_status,9. Was your household living in this location prior to January 2014?,هل كانت اسرتك تعيش في هذا الموقع قبل كانون الثاني 2014؟,,,true,,,,,,,,,,,,,,,,,,,
select_one yes_no,displace_status_returnee,10. Have you been displaced from this location since January 2014?,هل كنت نازحاً من هذا الموقع منذ كانون الثاني 2014؟,,,true,"selected(${displace_status}, 'yes')",,,,,,,,,,,,,,,,,,
note,note_returnee,This household is a returnee household.,هذه الاسرة عائدة,,,,"selected(${displace_status_returnee}, 'yes') and selected(${displace_status}, 'yes')",,,,,,,,,,,,,,,,,,
note,note_host,This household is part of the host community.,هذه الاسرة من المجتمع المضيف,,,,"selected(${displace_status_returnee}, 'no') and selected(${displace_status}, 'yes')",,,,,,,,,,,,,,,,,,
select_one yes_no,displace_status_idp,11. Did you move to this location because of the conflict?,هل انتقلتَ الى هذا الموقع بسبب الصراع؟,,,true,"selected(${displace_status}, 'no')",,,,,,,,,,,,,,,,,,
note,note_idp,This household is an IDP household.,هذه الاسرة هي اسرة نازحة,,,,"selected(${displace_status_idp}, 'yes') and selected(${displace_status}, 'no')",,,,,,,,,,,,,,,,,,
note,note_inelegible,This household is not eligible for the MCNA - please end the survey and find an eligible household in the targeted category. *Please cancel this form and move to the next household.*,هذه الاسرة غير مؤهلة للاستبيان. الرجاء انهاء الاستبيان والبحث عن اسرة اخرى ضمن الشروط المطلوبة,,,,"selected(${displace_status}, 'no') and selected(${displace_status_idp}, 'no') or selected(${displace_status_returnee}, 'no') and selected(${displace_status}, 'yes')",,,,,,,,,,,,,,,,,,
note,note_idp_ineligible,IDP households living in this district will not be assessed through the MCNA. Please end the survey and continue calling other households from the list.,لن يتم تقييم الاسر النازحة التي تعيش في هذا القضاء خلال هذا الاستبيان.يرجى انهاء الاستبيان واكمال الاتصال بأسرة اخرى من اللائحة,,,,"selected(${displace_status_idp}, 'yes') and selected(${displace_status}, 'no') and (selected(${district_mcna}, 'al.kaim') or selected(${district_mcna}, 'ana') or selected(${district_mcna}, 'haditha') or selected(${district_mcna}, 'al.muqdadiya') or selected(${district_mcna}, 'makhmour') or selected(${district_mcna}, 'al.hindiya') or selected(${district_mcna}, 'al.hawiga') or selected(${district_mcna}, 'al.shirqat') or selected(${district_mcna}, 'al.daur') or selected(${district_mcna}, 'beygee'))",,,,,,,,,,,,,,,,,,
note,note_returnee_inelegible,Returnee households living in this district will not be assessed through the MCNA. Please end the survey and continue calling other households from the list.,لن يتم تقييم الاسر العائدة التي تعيش في هذا القضاء خلال هذا الاستبيان.يرجى انهاء الاستبيان واكمال الاتصال بأسرة اخرى من اللائحة,,,,"selected(${displace_status_returnee}, 'yes') and selected(${displace_status}, 'yes') and (selected(${district_mcna}, 'al.basrah') or selected(${district_mcna}, 'al.kufa') or selected(${district_mcna}, 'al.najaf') or selected(${district_mcna}, 'al.diwaniya') or selected(${district_mcna}, 'al.sulaymaniyah') or selected(${district_mcna}, 'chamchamal') or selected(${district_mcna}, 'derbendikhan') or selected(${district_mcna}, 'dokan') or selected(${district_mcna}, 'halabcha') or selected(${district_mcna}, 'kalar') or selected(${district_mcna}, 'rania') or selected(${district_mcna}, 'al.adhamiya') or selected(${district_mcna}, 'al.karkh') or selected(${district_mcna}, 'baquba') or selected(${district_mcna}, 'kifri') or selected(${district_mcna}, 'al.amadiya') or selected(${district_mcna}, 'duhok') or selected(${district_mcna}, 'sumail') or selected(${district_mcna}, 'erbil') or selected(${district_mcna}, 'koysinjaq') or selected(${district_mcna}, 'rawanduz') or selected(${district_mcna}, 'shaqlawa') or selected(${district_mcna}, 'al.hindiya') or selected(${district_mcna}, 'kerbela') or selected(${district_mcna}, 'al.kahla') or selected(${district_mcna}, 'aqra') or selected(${district_mcna}, 'al.nasiriya') or selected(${district_mcna}, 'al.kut'))",,,,,,,,,,,,,,,,,,
calculate,calc_idp,,,,,,,,,,,"if(selected(${displace_status_idp}, 'yes') and selected(${displace_status}, 'no'),1,0)",,,,,,,,,,,,,
calculate,calc_returnee,,,,,,,,,,,"if(selected(${displace_status_returnee}, 'yes') and selected(${displace_status}, 'yes'), 1,0)",,,,,,,,,,,,,
calculate,calc_host,,,,,,,,,,,"if(selected(${displace_status_returnee}, 'no') and selected(${displace_status}, 'yes'),1,0)",,,,,,,,,,,,,
calculate,calc_noteligible,,,,,,,,,,,"if(selected(${displace_status_idp}, 'no'), 1,0)",,,,,,,,,,,,,
end_group,displacement_profile,,,,,,,,,,,,,,,,,,,,,,,,
begin_group,household_profile,Household Profile,تصنيفات الاسرة,,,,"selected(${displace_status_idp}, 'yes') and selected(${displace_status}, 'no') and not(selected(${district_mcna}, 'al.kaim') or selected(${district_mcna}, 'ana') or selected(${district_mcna}, 'haditha') or selected(${district_mcna}, 'al.muqdadiya') or selected(${district_mcna}, 'makhmour') or selected(${district_mcna}, 'al.hindiya') or selected(${district_mcna}, 'al.hawiga') or selected(${district_mcna}, 'al.shirqat') or selected(${district_mcna}, 'al.daur') or selected(${district_mcna}, 'beygee')) or selected(${displace_status_returnee}, 'yes') and selected(${displace_status}, 'yes') and not(selected(${district_mcna}, 'al.basrah') or selected(${district_mcna}, 'al.kufa') or selected(${district_mcna}, 'al.najaf') or selected(${district_mcna}, 'al.diwaniya') or selected(${district_mcna}, 'al.sulaymaniyah') or selected(${district_mcna}, 'chamchamal') or selected(${district_mcna}, 'derbendikhan') or selected(${district_mcna}, 'dokan') or selected(${district_mcna}, 'halabcha') or selected(${district_mcna}, 'kalar') or selected(${district_mcna}, 'rania') or selected(${district_mcna}, 'al.adhamiya') or selected(${district_mcna}, 'al.karkh') or selected(${district_mcna}, 'baquba') or selected(${district_mcna}, 'kifri') or selected(${district_mcna}, 'al.amadiya') or selected(${district_mcna}, 'duhok') or selected(${district_mcna}, 'sumail') or selected(${district_mcna}, 'erbil') or selected(${district_mcna}, 'koysinjaq') or selected(${district_mcna}, 'rawanduz') or selected(${district_mcna}, 'shaqlawa') or selected(${district_mcna}, 'al.hindiya') or selected(${district_mcna}, 'kerbela') or selected(${district_mcna}, 'al.kahla') or selected(${district_mcna}, 'aqra') or selected(${district_mcna}, 'al.nasiriya') or selected(${district_mcna}, 'al.kut'))",,,,,,,,,,,,,,,,,,
begin_group,eligible,Eligible household,اسرة مؤهلة,,,,"selected(${displace_status_idp}, 'yes') and selected(${displace_status}, 'no') and not(selected(${district_mcna}, 'al.kaim') or selected(${district_mcna}, 'ana') or selected(${district_mcna}, 'haditha') or selected(${district_mcna}, 'al.muqdadiya') or selected(${district_mcna}, 'makhmour') or selected(${district_mcna}, 'al.hindiya') or selected(${district_mcna}, 'al.hawiga') or selected(${district_mcna}, 'al.shirqat') or selected(${district_mcna}, 'al.daur') or selected(${district_mcna}, 'beygee')) or selected(${displace_status_returnee}, 'yes') and selected(${displace_status}, 'yes') and not(selected(${district_mcna}, 'al.basrah') or selected(${district_mcna}, 'al.kufa') or selected(${district_mcna}, 'al.najaf') or selected(${district_mcna}, 'al.diwaniya') or selected(${district_mcna}, 'al.sulaymaniyah') or selected(${district_mcna}, 'chamchamal') or selected(${district_mcna}, 'derbendikhan') or selected(${district_mcna}, 'dokan') or selected(${district_mcna}, 'halabcha') or selected(${district_mcna}, 'kalar') or selected(${district_mcna}, 'rania') or selected(${district_mcna}, 'al.adhamiya') or selected(${district_mcna}, 'al.karkh') or selected(${district_mcna}, 'baquba') or selected(${district_mcna}, 'kifri') or selected(${district_mcna}, 'al.amadiya') or selected(${district_mcna}, 'duhok') or selected(${district_mcna}, 'sumail') or selected(${district_mcna}, 'erbil') or selected(${district_mcna}, 'koysinjaq') or selected(${district_mcna}, 'rawanduz') or selected(${district_mcna}, 'shaqlawa') or selected(${district_mcna}, 'al.hindiya') or selected(${district_mcna}, 'kerbela') or selected(${district_mcna}, 'al.kahla') or selected(${district_mcna}, 'aqra') or selected(${district_mcna}, 'al.nasiriya') or selected(${district_mcna}, 'al.kut'))",,,,,,,,,,,,,,,,,,
date,return_date_returnee,12. When did you return to this location after your most recent incidence of displacement?,متى عدتَ الى هذا الموقع بعد آخر نزوح لك؟,,,true,${calc_returnee} = 1,,. <=today(),,,,month-year,,,,,,,,,,,,
integer,return_durationdisplace,13. For how many months were you displaced?,كم عدد الاشهر التي كنتَ فيها نازحاً؟,The answer has to be between 0 and 84 months,يجب ان يكون الجواب بين 0 و 84 شهرا,true,${calc_returnee} = 1,,.>=0 and .<=84,,,,,,,,,,,,,,,,
date,displace_date_idp,14. When were you initially displaced from your location?,منى نزحتَ من موقعك في البداية اول مرة؟,,,true,${calc_idp} = 1,,. <=today() and . >= date('2014-01-01'),Date cannot be before 01/01/2014,لا يمكن ان يكون التاريخ قبل 01/01/2014,,month-year,,,,,,,,,,,,
select_one yes_no,idp_first_place,15. Is this location your first place of displacement?,هل هذا المكان هو اول مكان للنزوح لك؟,Place of displacement should not include transit areas. Displacement implies settling down somewhere (in or out of camp).,لا تشمل مناطق النزوح اي اماكن مؤقتة ( للاستراحة مثلا). نتحدث هنا عن مكان تم الاستقرار فيه ( داخل او خارج المخيم),true,${calc_idp} = 1,,,,,,,,,,,,,,,,,,
date,arrival_date_idp,16. When did you arrive to this current location?,متى وصلت الى مكانك الحالي؟,,,true,${calc_idp} = 1,,. <=today() and .>=${displace_date_idp},,,,month-year,,,,,,,,,,,,
select_one governorate_mcna,governorate_origin,17. What governorate in Iraq were you living in before your displacement (forced to leave your home)?,في اي محافظة في العراق كنت تعيش قبل نزوحك؟ ( قبل اضطرارك الى مغادرة المنزل),,,true,${calc_idp} = 1,,,,,,,,,,,,,,,,,,
select_one district_origin,district_origin,18. What district in Iraq were you living in before your displacement?,في اي قضاء كنت تعيش قبل نزوحك؟,,,true,${calc_idp} = 1,filter=${governorate_origin},,,,,,,,,,,,,,,,,
select_one ynd1,displaced_again,19. Have you tried to return to your AoO but then decided to displace again in the past 12 months?,هل حاولت العودة الى منطقتك الاصلية ولكنك قررت النزوح مرة اخرى خلال ال12 شهر الماضية؟,,,true,${calc_idp} = 1,,,,,,,,,,,,,,,,,,
end_group,household_profile,,,,,,,,,,,,,,,,,,,,,,,,
begin_group,household_roster,Household Roster,معلومات العائلة,,,true,${calc_noteligible} = 0,,,,,,,,,,,,,,,,,,
integer,num_hh_member,20. How many members are there in your household?,كم عدد افراد الاسرة؟,"A household is a group of people who regularly share meals, income, and expenditures together. Members must acknowledge the authority of one person as head of household and that person must actually live with the rest of the household members. In polygamous households, each wife is treated as a distinct household when the wives live in different houses, cook separately and take decisions independently.","الأسرة عبارة عن مجموعة من الأشخاص الذين يشاركون بانتظام وجبات الطعام والدخل والنفقات معًا. يجب أن يقر الأعضاء بسلطة شخص واحد بصفته رب الأسرة ويجب أن يعيش هذا الشخص بالفعل مع بقية أفراد الأسرة. في الأسر متعددة الزوجات ، تعامل كل زوجة على أنها أسرة متميزة عندما تعيش الزوجات في منازل مختلفة ، وتطبخ بشكل منفصل وتتخذ القرارات بشكل مستقل.",true,,,.> 0,,,,,,,,,,,,,,,,
note,ind_level,"I will now ask you some questions regarding each individual of your **family**. We define family to include anyone who is under guardianship or responsibility of this family (e.g. separated or unaccompanied children, grandparents)? **Please start with the head of your family and please don't forget to include yourself!**",سوف أطرح عليك الآن بعض الأسئلة بخصوص كل فرد من أفراد عائلتك. يتم تعريف العائلة في هذا الاستبيان بالعائلة الأصلية بمافيهم الاشخاص الذين هم تحت وصاية او مسؤولية هذه العائلة ( مثال : الاطفال الغير مصحوبين او المنفصلين او الأجداد)  **الرجاء البدء برب العائلة ولا تنسى ان تدرّج نفسك ايضاً.**,,,,,,,,,,,,,,,,,,,,,,
integer,num_family_member,21. How many members are there in your family?,كم عدد افراد العائلة ؟,If the respondent is not the head of household make sure the head of household is included in the roster.,"اذا لم يكن المجيب  هو رب الاسرة،  يجب التأكد من  اضافة معلومات رب الاسرة الى هذه المجموعة ايضا",true,,,.> 0,,,,,,,,,,,,,,,,
begin_group,composition,Family Composition,تكوين العائلة,,,,,,,,,,,,,,,,,,,,,,
begin_repeat,member,Add a new group for each family member.,اضف مجموعة جديدة لكل فرد من العائلة ,,,true,,,,,,,,${num_family_member},,,,,,,,,,,
select_one relationship,relationship,22. What is [this person]'s relation to the head of household?,ماهي صلة قرابة هذا الشخص برب الاسرة؟,,,true,,,,,,,quick,,,,,,,,,,,,
begin_group,error_start,Is not an error,,,,true,"not(selected(${relationship}, 'error'))",,,,,,,,,,,,,,,,,,
select_one gender,sex,23. What is the sex of [this person]?,ماهو جنس هذه الشخص؟,,,true,,,,,,,quick,,,,,,,,,,,,
integer,age,24. What is the age of [this person]?,كم هو عمر هذا الشخص؟,,,true,,,.< 120,,,,,,,,,,,,,,,,
select_one marital_status,marital_status,"25. What is [this person]'s marital status, including customary marriage?",ماهي الحالة الاجتماعية لهذا الشخص ...الزواج الإعتيادي والزواج خارج المحكمة؟,,,true,${age} >= 12,,,,,,quick,,,,,,,,,,,,
select_one yndd,pregnant_lactating,26. Is the person pregnant or lactating?,هل الشخص حامل او مرضعة؟,,,true,"selected(${sex} , 'female') and (${age} >= 12 and ${age} <= 50)",,,,,,quick,,,,,,,,,,,,
select_multiple health_events,health_issue,27. Does [this person] suffer from any of the following health conditions? ,هل يعاني هذا الشخص من اي من الحالات الصحية التالية؟,,,true,,,"if(selected(.,'none'), count-selected(.)=1, count-selected(.)>=1)","Cannot select ""None"" together with any other option",لا ينبغي تحديد ( لاشيئ ) مع خيار آخر,,,,,,,,,,,,,,
text,health_issue_other,"27.1 if other, please describe","اذا حالة صحية اخرى,  الرجاء الشرح",,,true,"selected(${health_issue}, 'other')",,,,,,,,,,,,,,,,,,
select_one yndd,attend_formal_ed,28. Was the person (6-17) attending school at least 4 days per week prior to the COVID-19 outbreak? (during school season),هل كان الشخص (6-17 سنة) يرتاد المدرسة ل 4 أيام على الأقل في الأسبوع قبل تفشي الفيروس COVID-19؟ (خلال العام الدراسي),,,true,(${age} >= 6 and ${age} <= 17),,,,,,quick,,,,,,,,,,,,
select_one yndd,attend_informal_ed,28.1 Was the person (6-17) attending a non-formal learning environment at least 4 days per week prior to the COVID-19 outbreak? (during school season,هل كان الشخص (6-17 سنة) يرتادبيئة تعليمية غير رسمية ل 4 أيام على الأقل في الأسبوع قبل تفشي الفيروس COVID-19؟ (خلال العام الدراسي),,,true,"not(selected(${attend_formal_ed}, 'yes'))  and (${age} >= 6 and ${age} <= 17)",,,,,,quick,,,,,,,,,,,,
select_one yes_no,work,29. Is [this person] currently working or contributing to household income?,هل يعمل هذا الشخص حالياً او يساهم في الدخل للاسرة؟,,,true,${age} >= 6,,,,,,quick,,,,,,,,,,,,
select_one ynd,actively_seek_work,29.1 Is [this person] actively seeking work?,هل يسعى هذا الشخص بنشاط للحصول على عمل؟,,,true,"selected(${work}, 'no') and ${age}>=18",,,,,,quick,,,,,,,,,,,,
calculate,male_2,ID card,,,,,,,,,,"if(${age} <= 2 and ${sex}='male', 1,0)",,,,,,,,,,,,,
calculate,female_2,,,,,,,,,,,"if(${age} <= 2 and ${sex}='female', 1,0)",,,,,,,,,,,,,
calculate,male_3_5,,,,,,,,,,,"if(${age} >= 3 and ${age} <= 5 and ${sex}='male', 1,0)",,,,,,,,,,,,,
calculate,female_3_5,,,,,,,,,,,"if(${age} >= 3 and ${age} <= 5 and ${sex}='female', 1,0)",,,,,,,,,,,,,
calculate,male_6_17,,,,,,,,,,,"if(${age} >= 6 and ${age} <= 17 and ${sex}='male', 1,0)",,,,,,,,,,,,,
calculate,female_6_17,,,,,,,,,,,"if(${age} >= 6 and ${age} <= 17 and ${sex}='female', 1,0)",,,,,,,,,,,,,
calculate,male_18_59,,,,,,,,,,,"if(${age} >= 18  and ${age} <= 59 and ${sex}='male', 1,0)",,,,,,,,,,,,,
calculate,female_18_59,,,,,,,,,,,"if(${age} >= 18  and ${age} <= 59 and ${sex}='female', 1,0)",,,,,,,,,,,,,
calculate,male_60,,,,,,,,,,,"if(${age} >= 60 and ${sex}='male', 1,0)",,,,,,,,,,,,,
calculate,female_60,,,,,,,,,,,"if(${age} >= 60 and ${sex}='female', 1,0)",,,,,,,,,,,,,
calculate,separated,,,,,,,,,,,"if(${relationship}='nephew_niece', 1,0)",,,,,,,,,,,,,
calculate,child_012,,,,,,,,,,,"if(${age} >0 and ${age} <= 12, 1,0)",,,,,,,,,,,,,
calculate,child_1317,,,,,,,,,,,"if(${age} >=13 and ${age} <= 17, 1,0)",,,,,,,,,,,,,
calculate,child,,,,,,,,,,,"if(${age} >0 and ${age} <= 17, 1,0)",,,,,,,,,,,,,
calculate,child_not_school,,,,,,,,,,,"if(${age} >=6 and ${age} <= 17 and selected(${attend_formal_ed}, 'no'), 1,0)",,,,,,,,,,,,,
calculate,adult_no_work,,,,,,,,,,,"if(selected(${work}, 'no') and selected(${actively_seek_work}, 'yes') and ${age}>=18,1,0)",,,,,,,,,,,,,
end_group,error_end,,,,,,,,,,,,,,,,,,,,,,,,
end_repeat,member_end,,,,,,,,,,,,,,,,,,,,,,,,
end_group,composition_end,,,,,,,,,,,,,,,,,,,,,,,,
end_group,household_roster,,,,,,,,,,,,,,,,,,,,,,,,
calculate,male_2_calc,,,,,,,,,,,sum(${male_2}),,,,,,,,,,,,,
calculate,female_2_calc,,,,,,,,,,,sum(${female_2}),,,,,,,,,,,,,
calculate,male_3_5_calc,,,,,,,,,,,sum(${male_3_5}),,,,,,,,,,,,,
calculate,female_3_5_calc,,,,,,,,,,,sum(${female_3_5}),,,,,,,,,,,,,
calculate,male_6_17_calc,,,,,,,,,,,sum(${male_6_17}),,,,,,,,,,,,,
calculate,female_6_17_calc,,,,,,,,,,,sum(${female_6_17}),,,,,,,,,,,,,
calculate,male_18_59_calc,,,,,,,,,,,sum(${male_18_59}),,,,,,,,,,,,,
calculate,female_18_59_calc,,,,,,,,,,,sum(${female_18_59}),,,,,,,,,,,,,
calculate,male_60_calc,,,,,,,,,,,sum(${male_60}),,,,,,,,,,,,,
calculate,female_60_calc,,,,,,,,,,,sum(${female_60}),,,,,,,,,,,,,
note,calc_note,"Total male children 2 or under: ${male_2_calc}
Total female children 2 or under: ${female_2_calc}
Total male children 3 to 5: ${male_3_5_calc}
Total female children 3 to 5: ${female_3_5_calc}
Total male children 6 to 17: ${male_6_17_calc}
Total female children 6 to 17: ${female_6_17_calc}
Total male adults 18 to 59: ${male_18_59_calc}
Total female adults 18 to 59: ${female_18_59_calc}
Total male adults 60 and over: ${male_60_calc}
Total female adults 60 and over: ${female_60_calc}","Total male children 2 or under: {male_2_calc}$
Total female children 2 or under:{female_2_calc}$
Total male children 3 to 5: {male_3_5_calc}$
Total female children 3 to 5: {female_3_5_calc}$
Total male children 6 to 17: {male_6_17_calc}$
Total female children 6 to 17:{female_6_17_calc}$
Total male adults 18 to 59: {male_18_59_calc}$
Total female adults 18 to 59: {female_18_59_calc}$
Total male adults 60 and over: {male_60_calc}$
{female_60_calc}$ مجموع الاناث البالغات فوق 60 سنة",,,,,,,,,,,,,,,,,,,,,,
calculate,tot_child_012,,,,,,,,,,,sum(${child_012}),,,,,,,,,,,,,
calculate,tot_child_1317,,,,,,,,,,,sum(${child_1317}),,,,,,,,,,,,,
calculate,tot_child,,,,,,,,,,,sum(${child}),,,,,,,,,,,,,
calculate,tot_male,,,,,,,,,,,sum(${male_2})+sum(${male_3_5})+sum(${male_6_17})+sum(${male_18_59})+sum(${male_60}),,,,,,,,,,,,,
calculate,tot_female,,,,,,,,,,,sum(${female_2})+sum(${female_3_5})+sum(${female_6_17})+sum(${female_18_59})+sum(${female_60}),,,,,,,,,,,,,
calculate,tot_6_above,,,,,,,,,,,(${male_6_17_calc} + ${female_6_17_calc} + ${male_18_59_calc} + ${female_18_59_calc} + ${male_60_calc} + ${female_60_calc}),,,,,,,,,,,,,
note,tot_calc_note,"Total number of male: ${tot_male}
Total number of female: ${tot_female}","مجموع عدد الذكور ${tot_male}
مجموع عدد الاناث ${tot_female}",,,,,,,,,,,,,,,,,,,,,,
calculate,calc_separated,,,,,,,,,,,sum(${separated}),,,,,,,,,,,,,
note,ref_child,There may be one or more separated or unaccompanied children living in this household. Please refer to the Iraq Information Centre (IIC) hotline 800 6 9999.,قد يكون هناك طفل واحد أو أكثر من الأطفال المنفصلين عن ذويهم والذين يعيشون في هذه الأسرة. يرجى الرجوع الى رقم الخط الساخن لمركز معلومات العراق    ICC) 800 6 9999)     ,,,,${calc_separated} >0,,,,,,,,,,,,,,,,,,
select_multiple reasons_not_attend,reasons_not_attend,"30. If one of the persons (6-17) was not attending school prior to the COVID-19 outbreak, what were the reasons?","إذا لم يذهب أحد الأشخاص (6-17 سنة ) إلى المدرسة قبل تفشي الفيروس ، ماذا كانت اسباب ذلك؟",,,true,sum(${child_not_school})>=1,,,,,,,,,,,,,,,,,,
text,resons_not_attend_other,"30.1 if other, please describe","اذا اخرى، الرجاء التحديد",,,true,"selected(${reasons_not_attend}, 'other')",,,,,,,,,,,,,,,,,,
select_one yndd,not_residing,"31. Do you have any other child, son or daughter under 18 years not living in the HH?",هل لديك اي طفل آخر  او ابن او ابنة تحت سن ال18 ولكنه لا يعيش ضمن الاسرة؟,,,true,,,,,,,,,,,,,,,,,,,
integer,not_residing_num,"31.1 If yes, how many?","اذا نعم، كم عددهم",,,true,"selected(${not_residing}, 'yes')",,,,,,,,,,,,,,,,,,
begin_group,not_residing_reason,Children not residing in HH by reason,الاطفال الذين لا يعيشون ضمن الاسرة مع السبب,,,,"selected(${not_residing}, 'yes')",,,,,,field-list,,,,,,,,,,,,
note,not_residing_reason_note,"32. We would like to understand why those children are not living under your roof. I read you a list of possibilities, let me know if any of these apply:","نود ان نفهم سبب عدم عيش هؤلاء الاطفال ضمن اسرتك ( تحت سقف اسرتك)، سأقرأ عليك لائحة الاحتمالات، اعلمني اذا كان اي منها ينطبق عليك:",,,,,,,,,,,,,,,,,,,,,,
integer,married,32.1 Married and left the house,تزوج وغادر المنزل,,,,,,.<=${not_residing_num},The number cannot be higher than the total number of children not residing in the household,لا يمكن أن يكون الرقم أعلى من إجمالي عدد الأطفال غير المقيمين في الأسرة,,,,,,,,,,,,,,
integer,seek_employment,32.2 Left the house to seek employment,غادر المنزل للبحث عن عمل,,,,,,.<=${not_residing_num},The number cannot be higher than the total number of children not residing in the household,لا يمكن أن يكون الرقم أعلى من إجمالي عدد الأطفال غير المقيمين في الأسرة,,,,,,,,,,,,,,
integer,study,32.3 Left the house to study,غادر المنزل للدراسة,,,,,,.<=${not_residing_num},The number cannot be higher than the total number of children not residing in the household,لا يمكن أن يكون الرقم أعلى من إجمالي عدد الأطفال غير المقيمين في الأسرة,,,,,,,,,,,,,,
integer,family,32.4 Staying with relatives or friends,البقاء مع الاقارب او الاصدقاء,,,,,,.<=${not_residing_num},The number cannot be higher than the total number of children not residing in the household,لا يمكن أن يكون الرقم أعلى من إجمالي عدد الأطفال غير المقيمين في الأسرة,,,,,,,,,,,,,,
integer,armed_actors,32.5 Left the house to engage with the army or armed groups,غادر المنزل للالتحاق بالجيش او مجموعة مسلحة,,,,,,.<=${not_residing_num},The number cannot be higher than the total number of children not residing in the household,لا يمكن أن يكون الرقم أعلى من إجمالي عدد الأطفال غير المقيمين في الأسرة,,,,,,,,,,,,,,
integer,kidnapped,32.6 Kidnapped/abducted,تم خطفه,,,,,,.<=${not_residing_num},The number cannot be higher than the total number of children not residing in the household,لا يمكن أن يكون الرقم أعلى من إجمالي عدد الأطفال غير المقيمين في الأسرة,,,,,,,,,,,,,,
integer,missing,32.7 Missing (left and no news),مفقود ( غادر ولا توجد اخبار عنه),,,,,,.<=${not_residing_num},The number cannot be higher than the total number of children not residing in the household,لا يمكن أن يكون الرقم أعلى من إجمالي عدد الأطفال غير المقيمين في الأسرة,,,,,,,,,,,,,,
integer,detained,32.8 Arbitrarily detained,تم اعتقاله بشكل تعسفي,,,,,,.<=${not_residing_num},The number cannot be higher than the total number of children not residing in the household,لا يمكن أن يكون الرقم أعلى من إجمالي عدد الأطفال غير المقيمين في الأسرة,,,,,,,,,,,,,,
end_group,not_residing_reason,,,,,,,,,,,,,,,,,,,,,,,,
select_multiple employment_barriers,employment_primary_barriers,"33. What obstacles, if any, are people in this household facing in finding work?","ما هي العقبات ، إن وجدت ، التي يواجهها أفراد هذه الأسرة في العثور على عمل؟",,,true,sum(${adult_no_work})>=1,,"if(selected(.,'none'), count-selected(.)=1, count-selected(.)>=1)","Cannot select ""none"" together with any other option",لا ينبغي تحديد ( لاشيئ ) مع خيار آخر,,,,,,,,,,,,,,
text,employment_primary_barriers_other,"33.1 if other, please describe",اذا اخرى الرجاء الوصف,,,true,"selected(${employment_primary_barriers}, 'other')",,,,,,,,,,,,,,,,,,
begin_group,food_security,Food Security Survey,أمن الغذاء,,,,,,,,,,,,,,,,,,,,,,
begin_group,food_consumption,Food Consumption,استهلاك الغذاء,,,,,,,,,,field-list,,,,,,,,,,,,
note,food_security_note,"34. Over the last 7 days, how many days did your household consume the following food?","على مدى ال7 أيام الماضية, كم يوما كانت اسرتك تستهلك الأطعمة التالية:",,,,,,,,,,,,,,,,,,,,,,
integer,cereals,"34.1 Cereals, grains, roots and tubers: rice, pasta, bread, potato,",الحبوب والجذور والدرنات: الأرز والمعكرونة والخبز والبطاطا,,,true,,,.>=0 and .<=7,,,,,,,,,,,,,,,,
integer,nuts_seed,"34.2 Legumes / nuts : beans, peanuts, lentils, nut, soy, and / or other nuts","البقوليات : الفاصوليا ، الفول السوداني ، العدس ، البندق ، الصويا ، و / أو المكسرات الأخرى",,,true,,,.>=0 and .<=7,,,,,,,,,,,,,,,,
integer,milk_dairy,"34.3 Milk and other dairy products: fresh milk / sour, yogurt, cheese, other dairy products (Exclude margarine / butter or small amounts of milk for tea / coffee)",الحليب ومنتجات الألبان الأخرى: الحليب الطازج / الحامض واللبن الزبادي والجبن وغيرها من منتجات الألبان (باستثناء المارجرين / الزبد أو كميات صغيرة من الحليب للشاي / القهوة),,,true,,,.>=0 and .<=7,,,,,,,,,,,,,,,,
integer,meat,"34.4 Meat, fish and eggs: goat, beef, chicken, fish, including canned tuna, and / or other seafood, eggs (meat and fish consumed in large quantities and not as a condiment)","اللحوم والأسماك والبيض: لحم الماعز ولحم البقر والدجاج والأسماك ، بما في ذلك التونة المعلبة ، و / أو غيرها من المأكولات البحرية والبيض (اللحوم والأسماك المستهلكة بكميات كبيرة وليس بهار)",,,true,,,.>=0 and .<=7,,,,,,,,,,,,,,,,
integer,vegetables,"34.5 Vegetables and leaves: spinach, onion, tomatoes, carrots, peppers, green beans, lettuce, cabbages, egg plants, etc","الخضار و الخضروات الورقية: السبانخ ، البصل ، الطماطم ، الجزر ، الفلفل ، الفاصوليا الخضراء ، الخس ، الكرنب ، الباذنجان ، الخ",,,true,,,.>=0 and .<=7,,,,,,,,,,,,,,,,
integer,fruits,"34.6 Fruits: banana, apple, lemon, mango, watermelon, apricot, peach, pineapple, passion, gishta, orange, avocado, wild fruits etc",الفواكه: الموز والتفاح والليمون والمانجو والبطيخ والمشمش والخوخ والأناناس والبرتقال والأفوكادو والفاكهة البرية الخ,,,true,,,.>=0 and .<=7,,,,,,,,,,,,,,,,
integer,oil_fats,"34.7 Oil / fat / butter: vegetable oil, palm oil, margarine, other fats / oil",الزيوت / الدهون / الزبدة: الزيت النباتي وزيت النخيل والسمن والدهون الأخرى / الزيت,,,true,,,.>=0 and .<=7,,,,,,,,,,,,,,,,
integer,sweets,"34.8 Sugar, or sweet: sugar, honey, jam, cakes, candy, cookies, pastries, cakes and other sweet (sugary drinks)","السكر ، أو الحلو: السكر ، والعسل ، والمربى ، والكعك ، والحلوى  وغيرها من الحلويات (المشروبات السكرية)",,,true,,,.>=0 and .<=7,,,,,,,,,,,,,,,,
integer,spices_condiments,"34.9 Condiments / Spices: tea, coffee / cocoa, salt, garlic, spices, yeast / baking powder, lanwin, tomato / sauce, meat or fish as a condiment, condiments including small amount of milk / tea coffee.","التوابل / البهارات: الشاي ، القهوة / الكاكاو ، الملح ، الثوم ، البهارات ، الخميرة / مسحوق الخبز ، اللانوين ، الطماطم / الصلصة ، اللحم أو السمك كبهار ، التوابل بما في ذلك كمية صغيرة من القهوة / الشاي.",,,true,,,.>=0 and .<=7,,,,,,,,,,,,,,,,
end_group,fcs,,,,,,,,,,,,,,,,,,,,,,,,
select_one food_source,food_source,35. What was the main source of food in the past 7 days?,ماذا كان المصدر الرئيسي للطعام خلال ال 7 ايام الماضية؟,Do not read out the list, لا تقرأ من القائمة,true,,,,,,,,,,,,,,,,,,,
text,food_source_other,"35.1 if other, please describe",اذا اخرى الرجاء الوصف,,,true,"selected(${food_source}, 'other')",,,,,,,,,,,,,,,,,,
select_one yn,no_food,"36. In the past 30 days, was there ever no food to eat of any kind in your house because of lack of resources to get food?","في الثلاثين يومًا الماضية ، ألم يكن هناك أي طعام تأكله من أي نوع في منزلك بسبب نقص الموارد للحصول على الطعام؟",,,true,,,,,,,,,,,,,,,,,,,
select_one frequency,no_food_freq,36.1 How often did this happen in the past 30 days?,كم مرة حدث هذا خلال الثلاثين يومًا الماضية؟,,,true,"selected(${no_food}, 'yes')",,,,,,,,,,,,,,,,,,
select_one yn,hungry,"37. In the past 30 days, did you or any household member go to sleep at night hungry because there was not enough food?","في الثلاثين يومًا الماضية ، هل نمت أنت أو أي فرد من أفراد الأسرة  ليلًا بسبب الجوع لعدم وجود طعام كافٍ؟",,,true,,,,,,,,,,,,,,,,,,,
select_one frequency,hungry_freq,37.1 How often did this happen in the past 30 days?,كم مرة حدث هذا خلال الثلاثين يومًا الماضية؟,,,true,"selected(${hungry}, 'yes')",,,,,,,,,,,,,,,,,,
select_one yn,not_eating,"38. In the past 30 days, did you or any household member go a whole day and night without eating anything at all because there was not enough food?","في الثلاثين يومًا الماضية ، هل قضيت أنت أو أي فرد من أفراد أسرتك طول النهار والليل دون تناول أي شيء على الإطلاق لأنه لم يكن هناك ما يكفي من الطعام؟",,,true,,,,,,,,,,,,,,,,,,,
select_one frequency,not_eating_freq,38.1 How often did this happen in the past 30 days?,كم مرة حدث هذا خلال الثلاثين يومًا الماضية؟,,,true,"selected(${not_eating}, 'yes')",,,,,,,,,,,,,,,,,,
begin_group,coping_strategies_food2,Coping Strategies Food,طرق التعامل مع نقص الغذاء,,,,,,,,,,field-list,,,,,,,,,,,,
note,livelihood_strategies,"39. During the past 30 days, did anyone in your household have to do one of the following things because there was not enough food or money to buy it?","خلال الثلاثين يومًا الماضية ، هل اضطر أي شخص في منزلك إلى القيام بأحد الأمور التالية لعدم وجود ما يكفي من الطعام أو المال لشرائه؟",,,,,,,,,,,,,,,,,,,,,,
select_one nnny,selling_assets,"39.1 Selling household properties (refrigerator, television, jewelry…)",بيع مقتنيات الاسرة (ثلاجة او تلفاز او مجوهرات),,,true,,,,,,,,,,,,,,,,,,,
select_one nnny,borrow_debt,39.2 Buying food on credit or through borrowed money from relatives and friends,شراء الطعام بالدّين أو من خلال الأموال المقترضة من الأقارب والأصدقاء,,,true,,,,,,,,,,,,,,,,,,,
select_one nnny,selling_transportation_means,"39.3 Selling means of transport (car, motorbike","بيع وسائل النقل (سيارة ، دراجة نارية",,,true,,,,,,,,,,,,,,,,,,,
select_one nnny,child_dropout_school,39.4 Children dropout from school,اخراج الأطفال من المدرسة,,,true,,,,,,,,,,,,,,,,,,,
select_one nnny,reduce_spending,"39.5 Reducing expenditure on non-food items (health, education)",خفض الإنفاق على المواد غير الغذائية (الصحة والتعليم),,,true,,,,,,,,,,,,,,,,,,,
select_one nnny,spending_savings,39.6 Spending savings,انفاق المدخرات,,,true,,,,,,,,,,,,,,,,,,,
select_one nnny,change_place,39.7 Changing place of residence and accommodation to reduce expenses,تغيير مكان الإقامة لتقليل النفقات,,,true,,,,,,,,,,,,,,,,,,,
select_one nnny,adult_risky,39.8 Accepting that adults engage in risky behavior,قبول مشاركة البالغين في سلوك  او اعمال محفوفة بالمخاطر,,,true,,,,,,,,,,,,,,,,,,,
select_one nnny,child_work,39.9 Children under 18 work to provide resources,عمل الأطفال تحت سن 18 عامًا لتوفير الموارد,,,true,,,,,,,,,,,,,,,,,,,
select_one nnny,family_migrating,39.10 Whole family are migrating,ستهاجر العائلة كلها,,,true,,,,,,,,,,,,,,,,,,,
select_one nnny,child_forced_marriage,39.11 Children or adult forcefully marriaged,زواج الاطفال او البالغين بالقوة,,,true,,,,,,,,,,,,,,,,,,,
end_group,coping_strategies_food2,,,,,,,,,,,,,,,,,,,,,,,,
end_group,food_security,,,,,,,,,,,,,,,,,,,,,,,,
begin_group,health_group,Health Survey,الصحة,,,,,,,,,,,,,,,,,,,,,,
begin_group,disabilities,Disabilities,الاعاقة,,,,,,,,,,field-list,,,,,,,,,,,,
note,disabilities_note,40. Please indicate if any members of your household have any of the following difficulties:,يرجى توضيح ما إذا كان أي من أفراد أسرتك يواجه أي من الصعوبات التالية:,,,,,,,,,,,,,,,,,,,,,,
select_one wgss,difficulty_seeing,"40.1 Does any member of your household have difficulty seeing, even if wearing glasses?","هل يواجه اي شخص من افراد اسرتك صعوبة في الرؤية (الابصار)، حتى عند وضع نظارات ؟",,,true,,,,,,,,,,,,,,,,,,,
select_one wgss,difficulty_hearing,"40.2 Does any member of your household have difficulty hearing, even if using a hearing aid?","هل يواجه اي شخص من افراد اسرتك صعوبة في السمع ، حتى لو كان يستخدم أداة مساعدة للسمع؟",,,true,,,,,,,,,,,,,,,,,,,
select_one wgss,difficulty_walking,40.3 Does any member of your household have difficulty walking or climbing steps?,هل يواجه اي شخص من افراد اسرتك صعوبة في المشي أو تسلق الدَرج؟,,,true,,,,,,,,,,,,,,,,,,,
select_one wgss,difficulty_remembering,40.4 Does any member of your household have difficulty remembering or concentrating?,هل يواجه اي شخص من افراد اسرتك صعوبة في التذكر أو التركيز؟,,,true,,,,,,,,,,,,,,,,,,,
select_one wgss,difficulty_washing,"40.5 Does [this person] have difficulty with (self-care, such as) washing all over or dressing?","هل يواجه اي شخص من افراد اسرتك صعوبة في (العناية الذاتية ، مثل) الاغتسال أو ارتداء الملابس؟",,,true,,,,,,,,,,,,,,,,,,,
select_one wgss,difficulty_communicating,"40.6 Using your usual (customary) language, does any member of your householdhave difficulty communicating, for example understanding or being understood?","باستخدام لغتك (المعتادة) ، هل يواجه اي شخص من افراد اسرتك صعوبة في التواصل ، على سبيل المثال الفهم أو التفهم؟",,,true,,,,,,,,,,,,,,,,,,,
end_group,disabilities,,,,,,,,,,,,,,,,,,,,,,,,
select_one yndd,difficulty_accessing_services,"41. Does any member of your household face difficulties in accessing any basic services (e.g education, health clinics, markets, etc.) due to his/her difficulty",هل يواجه اي شخص من افراد اسرتك صعوبات في الوصول إلى أي خدمات أساسية (مثل التعليم والعيادات الصحية والأسواق وما إلى ذلك),,,true,"selected(${difficulty_seeing},'a_lot_of_difficulty') or selected(${difficulty_seeing},'cannot_do_at_all') or selected(${difficulty_hearing},'a_lot_of_difficulty') or selected(${difficulty_hearing},'cannot_do_at_all') or selected(${difficulty_walking},'a_lot_of_difficulty') or selected(${difficulty_walking},'cannot_do_at_all') or selected(${difficulty_remembering},'a_lot_of_difficulty') or selected(${difficulty_remembering},'cannot_do_at_all') or selected(${difficulty_washing},'a_lot_of_difficulty') or selected(${difficulty_washing},'cannot_do_at_all') or selected(${difficulty_communicating},'a_lot_of_difficulty') or selected(${difficulty_communicating},'cannot_do_at_all')",,,,,,,,,,,,,,,,,,
select_one distance,distance_clinic,42. How long does it take you to reach the nearest healthcare facility by walking?,كم من الوقت يستغرق الوصول إلى أقرب مرفق للرعاية الصحية عن طريق المشي؟,30 minutes walking = 2 km (approximately),دقيقة مشي أي مايعادل 2كم بشكل تقريبي30,true,,,,,,,,,,,,,,,,,,,
select_one distance,distance_hospital,43. How long does it take you to reach the nearest functioning hospital by walking?,كم من الوقت يستغرق الوصول إلى أقرب مستشفى يعمل عن طريق المشي؟,30 minutes walking = 2 km (approximately),دقيقة مشي أي مايعادل 2كم بشكل تقريبي30,true,,,,,,,,,,,,,,,,,,,
begin_group,hospital_ser,Hospital Services,,,,,,,,,,,field-list,,,,,,,,,,,,
select_one ynd,hospital_emergency_ser,43.1 Does the hospital provide emergency services?,هل يقدم المشفى خدمات للطوارئ؟,,,true,,,,,,,,,,,,,,,,,,,
select_one ynd,hospital_maternity_ser,43.2 Does the hospital provide maternity services?,هل يقدم هذا المشفى خدمات الامومة؟,,,true,,,,,,,,,,,,,,,,,,,
select_one ynd,hospital_surgical_ser,43.3 Does the hospital provide surgical services?,هل يقدم المشفى خدمات عمليات؟,,,true,,,,,,,,,,,,,,,,,,,
select_one ynd,hospital_pediatric_ser,43.4 Does the hospital provide pediatric services?,هل يقدم المشفى خدمات طب الاطفال؟,,,true,,,,,,,,,,,,,,,,,,,
end_group,hospital_ser,,,,,,,,,,,,,,,,,,,,,,,,
select_one yndd,women_specialised_services,46. Do women of reproductive age (12-49) have access to specialized reproductive health services?,هل تحصل النساء في سن الإنجاب (12-49) سنة على خدمات الصحة الانجابية المتخصصة لهم؟,,,true,,,,,,,,,,,,,,,,,,,
select_one yes_no,hh_member_distress,"47. Has any member of your household suffered or showed signs of psychosocial distress or trauma such as nightmare, lasting sadness, extreme fatigue, being often tearful or extreme anxiety, in the last 30 days?"," هل عانى أي فرد من أفراد أسرتك أو أظهر علامات على الاضطراب النفسي أو الصدمة مثل الكابوس والحزن الدائم والإرهاق الشديد ، والقلق الشديد في كثير من الأحيان للدموع أو القلق الشديد ، في آخر 30 يومًا؟",,,true,,,,,,,,,,,,,,,,,,,
integer,child_distress_number,"47.1 If yes, how many persons under 18 years showed those signs?","إذا كانت الإجابة بنعم ، فكم من الأشخاص الذين تقل أعمارهم عن 18 سنة أظهروا تلك العلامات؟",,,true,"selected(${hh_member_distress},'yes')",,.<=${num_hh_member},Number cannot be bigger than household size,ا يمكن أن يكون الرقم أكبر من عدد الأشخاص  الأسرة,,,,,,,,,,,,,,
integer,adult_distress_number,"47.2 If yes, how many persons above 18 years showed those signs?","إذا كانت الإجابة بنعم ، فكم من الأشخاص الذين تجاوزوا 18 عامًا أظهروا تلك العلامات؟",,,true,"selected(${hh_member_distress},'yes')",,.<=((${num_hh_member}-${child_distress_number})),Number cannot be bigger than household size,ا يمكن أن يكون الرقم أكبر من عدد الأشخاص  الأسرة,,,,,,,,,,,,,,
select_one yndd,health_accessed,"48. In the last three months, has anyone in your household needed to access health services or treatment (including medicines)","في الأشهر الثلاثة الأخيرة ، هل احتاج أي شخص في منزلك للوصول إلى الخدمات الصحية أو العلاج (بما في ذلك الأدوية)",,,true,,,,,,,,,,,,,,,,,,,
select_multiple health_barriers,health_barriers,"48.1 What difficulties, if any, are encountered when attempting to access health services or treatment?","ما الصعوبات ، إن وجدت ، التي واجهتها عند الوصول إلى الخدمات الصحية أو العلاج؟",,,true,"selected(${health_accessed},'yes')",,"not(selected(.,'no_issues') and count-selected(.)>1) ","Cannot select ""None"" together with any other option",لا ينبغي تحديد ( لاشيئ ) مع خيار آخر,,,,,,,,,,,,,,
select_one explosive,injured_explosive,"49. Has anyone in your household been injured or killed by an explosive ordnance since 2014 (e.g. landmines, bombs, missiles, IEDs, bullets or other explosive weapons from conflict)?",هل أصيب أحد أفراد أسرتك أو قتل بسبب ذخائر متفجرة منذ عام 2014 (مثل الألغام الأرضية أو القنابل أو الصواريخ أو العبوات الناسفة أو الرصاص أو الأسلحة المتفجرة الأخرى من الصراع)؟,,,true,,,,,,,,,,,,,,,,,,,
end_group,health_group,,,,,,,,,,,,,,,,,,,,,,,,
begin_group,wash,WASH Survey,الغسل,,,,,,,,,,,,,,,,,,,,,,
select_one water_source,drinking_water_source,50. What is the main source of water used by your household for drinking?,ماهو المصدر الرئيسي لمياه الشرب للاسرة  ( اختر ماينطبق),,,true,,,,,,,,,,,,,,,,,,,
text,drinking_water_source_other,"50.1 If other, please specify",اذا اخرى الرجاء الوصف,,,true,"selected(${drinking_water_source},'other')",,,,,,,,,,,,,,,,,,
select_one water_treating,treat_drink_water,51. Does your household treat the water in any way to make it safer for drinking?,هل تعالج أسرتك المياه بأي طريقة لجعلها أكثر أمانًا للشرب؟,,,true,"not(selected(${drinking_water_source},'shop'))",,,,,,,,,,,,,,,,,,
select_multiple why_safer_drinking,treat_drink_water_why,51.1 Why do you feel the need to treat it,لماذا تحتاج الى معالجة المياه او فلترتها؟,,,true,"not(selected(${drinking_water_source},'shop')) and (selected(${treat_drink_water},'always') or selected(${treat_drink_water},'sometimes'))",,"not(selected(.,'none') and count-selected(.)>1)","Cannot select ""None"" together with any other option",لا ينبغي تحديد ( لاشيئ ) مع خيار آخر,,,,,,,,,,,,,,
begin_group,water_sufficiency,Water Sufficiency,كفاية المياه,,,,,,,,,,field-list,,,,,,,,,,,,
note,sufficient_water,52. Does your household currently have enough water to meet the following needs?,هل تمتلك أسرتك حاليا ما يكفي من الماء لتلبية الاحتياجات التالية؟,,,,,,,,,,,,,,,,,,,,,,
select_one ynd1,sufficient_water_drinking,52.1 Drinking,الشرب,,,true,,,,,,,,,,,,,,,,,,,
select_one ynd1,sufficient_water_cooking,52.2 Cooking,الطبخ,,,true,,,,,,,,,,,,,,,,,,,
select_one ynd1,sufficient_water_hygiene,52.3 Personal hygiene (washing or bathing), النظافة الشخصية (الغسيل أو الاستحمام),,,true,,,,,,,,,,,,,,,,,,,
select_one ynd1,sufficient_water_other,"52.4 Other domestic purposes (cleaning house, floor, etc.)"," الأغراض المنزلية الأخرى (تنظيف المنزل ، الأرضية ، إلخ.)",,,true,,,,,,,,,,,,,,,,,,,
end_group,water_sufficiency,,,,,,,,,,,,,,,,,,,,,,,,
select_one latrines,latrines,53.What kind of sanitation facility (latrine/toilet) does your household usually use?,مانوع المرحاض او التواليت الذي تستعمله اسرتك عادةً؟,,,true,,,,,,,,,,,,,,,,,,,
text,latrines_other,"53.1 If other, please specify",اذا اخرى الرجاء الوصف,,,true,"selected(${latrines}, 'other')",,,,,,,,,,,,,,,,,,
select_one yes_no,shared_sanitation,53.2. Do you share this sanitation facility (latrine or toilet) with other households?,هل تتشاركون في هذه المرفق ( التواليت او المرحاض) مع اي أسر اخرى؟,,,true,"not(selected(${latrines},'none'))",,,,,,,,,,,,,,,,,,
select_one satisfaction,access_hygiene_items,"54. How satisfied is your household with regards to access to hygiene items (soap, feminine hygiene products, baby diapers, toothpaste/brush)?","ما مدى رضا أسرتك عن الوصول إلى مواد النظافة (الصابون ، منتجات النظافة الأنثوية ، حفاضات الأطفال ، معجون الأسنان / الفرشاة)؟",,,true,,,,,,,,,,,,,,,,,,,
select_one yes_no,access_soap,55. Do you have any soap in your household?,هل لديكم صابون للاسرة؟,,,true,,,,,,,,,,,,,,,,,,,
select_multiple use_of_soap,use_of_soap,"55.1 If yes, what do you use it for?","اذا نعم، بماذا تستخدم الصابون؟",,,true,"selected(${access_soap},'yes')",,"if(selected(.,'not'), count-selected(.)=1, count-selected(.)>=1)","Cannot select ""None"" together with any other option",لا ينبغي تحديد ( لاشيئ ) مع خيار آخر,,,,,,,,,,,,,,
text,use_of_soap_other,"55.2 If other, please specify",اذا اخرى الرجاء الوصف,,,true,"selected(${use_of_soap}, 'other')",,,,,,,,,,,,,,,,,,
end_group,wash,,,,,,,,,,,,,,,,,,,,,,,,
begin_group,s_nfi,Shelter & NFI survey,السكن والمواد الغير غذائية,,,,${calc_noteligible} = 0,,,,,,,,,,,,,,,,,,
select_one shelter_type,shelter_type_inperson,53. What type of shelter is the household currently living in? (observation by enumerator),مانوع المسكن الذي تعيش فيه حاليا؟ ( عن طريق الملاحظة من قبل الموظف),,,true,"selected(${dc_method}, 'in_person')",,,,,,,,,,,,,,,,,,
select_one shelter_type,shelter_type_remote,53. Could you describe the type of shelter that your household is currently living in?,هل يمكنك وصف نوع المسكن الذي تعيش فيه أسرتك حاليًا؟,,,true,"selected(${dc_method}, 'remote')",,,,,,,,,,,,,,,,,,
text,shelter_type_other,"53.1 If other, please describe","اذا كان الجواب اخر ,الرجاء الوصف",,,true,"selected(${shelter_type_inperson}, 'other') or selected(${shelter_type_remote}, 'other')",,,,,,,,,,,,,,,,,,
select_multiple enclosure_issues,enclosure_issues,54. Does the shelter have any of the following enclosure issues?  (top 2),هل يحتوي الملجأ او المسكن على أي من القضايا التالية؟ اختر اهم 2,,,true,,,"not(selected(.,'none') and count-selected(.)>1) and count-selected(.)<=2","You can select max 2 option and cannot select ""None"" and any other option.","لا ينبغي تحديد ( لاشيئ ) مع خيار آخر، اختر 2 كحد اقصى",,,,,,,,,,,,,,
select_multiple shelter_better,shelter_better,55. What are your priority needs to make your current shelter a better place to live (top 2)?,ما هي احتياجاتك ذات الأولوية  لجعل مسكنك الحالي مكانًا أفضل للعيش فيه ؟ اختر اهم 2,,,true,,,"not(selected(.,'none') and count-selected(.)>1) and count-selected(.)<=2","You can select max 2 option and cannot select ""None"" and any other option.","لا ينبغي تحديد ( لاشيئ ) مع خيار آخر، اختر 2 كحد اقصى",,,,,,,,,,,,,,
text,shelter_better_other,"55.1 If other, please describe","اذا كان الجواب اخر ,الرجاء الوصف",,,true,"selected(${shelter_better}, 'other')",,,,,,,,,,,,,,,,,,
select_multiple nfi_needs,nfi_priority_needs,56. Please indicate which of the following items you need but do not have in your household (select max. 2),"أي من المواد التالية التي تحتاج الى شرائها لعدم امتلاكك ما يكفي منها، أو لا تملك منها على الإطلاق ( اختار 2 كحد اقصى)",,,true,,,"not(selected(.,'none') and count-selected(.)>1) and count-selected(.)<=2","You can select max 2 option and cannot select ""none"" and any other option.","لا ينبغي تحديد ( لاشيئ ) مع خيار آخر، اختر 2 كحد اقصى",,,,,,,,,,,,,,
text,nfi_priority_needs_other,"56.1 If other, please describe","اذا كان الجواب اخر ,الرجاء الوصف",,,true,"selected(${nfi_priority_needs}, 'other')",,,,,,,,,,,,,,,,,,
end_group,s_nfi,,,,,,,,,,,,,,,,,,,,,,,,
begin_group,education,Education survey,التعليم,,,,${calc_noteligible} = 0,,,,,,,,,,,,,,,,,,
select_one place_primary,primary_school_place,57. How far is the closest functioning primary school to your location?,كم تبعد اقرب مدرسة ابتدائية تعمل في موقعك؟,30 minutes walking = 2 km (approximately),دقيقة مشي أي مايعادل 2كم بشكل تقريبي30,true,,,,,,,,,,,,,,,,,,,
select_one place_secondary,secondary_school_place,58. How far is the closest functioning secondary school to your location?,كم تبعد اقرب مدرسة متوسطة تعمل في موقعك؟,30 minutes walking = 2 km (approximately),دقيقة مشي أي مايعادل 2كم بشكل تقريبي30,true,,,,,,,,,,,,,,,,,,,
integer,covid_dropout,"59. Prior to the COVID-19 outbreak, how many school-aged children in your household dropped out of school during the current school year (2019-2020)?"," قبل بدء فيروس كورونا COVID-19 ، كم عدد الأطفال الذين هم في سن الدراسة في أسرتك ممن تركوا المدرسة ؟",Enter 0 if none,أدخل 0 إذا لم يكن هناك اي شيء,true,,,.<=${num_hh_member},Number cannot be bigger than household size,ا يمكن أن يكون الرقم أكبر من عدد الأشخاص  الأسرة,,,,,,,,,,,,,,
end_group,education,,,,,,,,,,,,,,,,,,,,,,,,
begin_group,livelihoods,Livelihoods survey,الحياة المعيشية,,,,${calc_noteligible} = 0,,,,,,,,,,,,,,,,,,
select_one ynd1,covid_loss_job,60. Has any member of your household lost their job permanently or temporarily as a result of the COVID-19 outbreak (including yourself if you lost your job)? ,هل فقد أي فرد من أسرتك وظيفته بشكل دائم أو مؤقت نتيجة لتفشي فيروس COVID-19 (بما في ذلك انت )؟,"Job losses should be directly attributable to COVID-19 policies, health issues from COVID-19, etc.","يجب أن يعزى فقدان الوظائف مباشرة إلى السياسات التي تم اتخاذها بسبب الفيروس COVID-19 ، والقضايا الصحية من الفيروس COVID-19 ، وما إلى ذلك. إذا لم يكن هناك شيء ، فأدخل 0.",true,,,,,,,,,,,,,,,,,,,
begin_group,covid_employment,Loss of employment due to COVID-19,فقدان الوظيفة بسبب الفيروس,,,,"selected(${covid_loss_job}, 'yes')",,,,,,field-list,,,,,,,,,,,,
note,covid_job_note,"61.1 If yes, how many members of your household have lost their job permanetly and how many temporarily?","كم عدد أفراد أسرتك ، إن وجد ، الذين فقدوا وظائفهم بشكل دائم أو مؤقت نتيجة لتفشي الفيروس COVID-19 (بما في ذلك انت إن كنت قد فقدت وظيفتك)؟","Job losses should be directly attributable to COVID-19 policies, health issues from COVID-19, etc. If none, enter 0.","يجب أن يعزى فقدان الوظائف مباشرة إلى السياسات التي تم اتخاذها بسبب الفيروس COVID-19 ، والقضايا الصحية من الفيروس COVID-19 ، وما إلى ذلك. إذا لم يكن هناك شيء ، فأدخل 0.",,,,,,,,,,,,,,,,,,,,
integer,covid_loss_job_permanent,Number of household members who permanently lost their job as a result of the COVID-19 outbreak,عدد أفراد الأسرة الذين فقدوا وظائفهم بشكل دائم نتيجة لتفشي الفيروس COVID-19,,,true,,,.<=${num_hh_member},Number cannot be bigger than household size,ا يمكن أن يكون الرقم أكبر من عدد الأشخاص  الأسرة,,minimal,,,,,,,,,,,,
integer,covid_loss_job_temp,Number of household members who temporarily lost their job as a result of the COVID-19 outbreak,عدد أفراد الأسرة الذين فقدوا وظائفهم مؤقتًا نتيجة لتفشي الفيروس COVID-19,,,true,,,.<=${num_hh_member},Number cannot be bigger than household size,ا يمكن أن يكون الرقم أكبر من عدد الأشخاص  الأسرة,,minimal,,,,,,,,,,,,
end_group,covid_employment,,,,,,,,,,,,,,,,,,,,,,,,
integer,tot_expenses,62. Could you estimate your household's total expenditure (in IQD) over the last 30 days?,هل يمكنك تقدير إجمالي إنفاق أسرتك (بالدينار العراقي) خلال الثلاثين يومًا الماضية؟,,,true,,,.=0 or .>=999 and .<= 10000000,,,,,,,,,,,,,,,,
begin_group,expenses,,,,,,,,,,,,field-list,,,,,,,,,,,,
note,exp_note,"63. During the past 30 days, how much did your household spend (in IQD) on each of the following categories?","خلال الثلاثين يومًا الماضية ، كم أنفقت أسرتك (بالدينار العراقي) على كل فئة من الفئات التالية؟","Please enter the FULL IQD amount (i.e. 1,000 IQD)",الرجاء ادخال الرقم بشكل كامل بالدينار العراقي ( مثال: 1000 دينار),,,,,,,,,,,,,,,,,,,,
integer,rent_exp,63.1 Rent,الايجار,,,true,,,.=0 or .>=999 and .<= 10000000,,,,,,,,,,,,,,,,
integer,medical_exp,63.2 Medical care (including medicines),الرعاية الصحية ( بما فيها الادوية),,,true,,,.=0 or .>=999 and .<= 10000000,,,,,,,,,,,,,,,,
integer,food_exp,63.3 Food,الغذاء,,,true,,,.=0 or .>=999 and .<= 10000000,,,,,,,,,,,,,,,,
calculate,calc_expenditure,,,,,,,,,,,${rent_exp}+${medical_exp}+${food_exp},,,,,,,,,,,,,
note,exp_compare,"The expenditure for rent, medical care and food cannot be larger than the total expenditure",لا يمكن أن يكون الإنفاق على الإيجار والرعاية الطبية والغذاء أكبر من إجمالي الإنفاق,,,true,${calc_expenditure} > ${tot_expenses},,,,,,,,,,,,,,,,,,
end_group,,,,,,,,,,,,,,,,,,,,,,,,,
select_multiple livelihood_type,primary_livelihood,64. What were your household's primary income sources over the last 30 days?  (do not read out from list),ماذا كانت مصادر الدخل الأساسية للاسرة الخاصة بك على مدى 30 يوما الماضية؟  ( لا تقرأ من القائمة ),,,true,,,"if(selected(.,'none'), count-selected(.)=1, count-selected(.)>=1)","Cannot select ""None"" together with any other option",لا ينبغي تحديد ( لاشيئ ) مع خيار آخر,,,,,,,,,,,,,,
text,primary_livelihood_other,"64.1 if other, specify please","إذا أخرى, الرجاء الشرح",,,true,"selected(${primary_livelihood},'other')",,,,,,,,,,,,,,,,,,
select_one ynd,employment_seasonal,65. Is all of this employment seasonal/temporary?,هل كل هذا العمل او التوظيف مؤقت او موسمي؟,,,true,"selected(${primary_livelihood},'employment')",,,,,,,,,,,,,,,,,,
integer,inc_employment_pension,66. Could you estimate your household's total income (in IQD) from employment and pension over the last 30 days?, هل يمكنك تقدير إجمالي دخل أسرتك (بالدينار العراقي) من العمل والراتب التقاعدي على مدار الثلاثين يومًا الماضية؟,,,true,,,.=0 or .>=9999  and .<= 100000000,,,,,,,,,,,,,,,,
integer,how_much_debt,"67. What is your household's total amount of debt, in IQD?","بالدينار العراقي,كم من الدين المستحق على اسرتك  ؟",,,true,,,.=0 or .>=999,,,,,,,,,,,,,,,,
select_one reasons_for_debt,reasons_for_debt,67.1 What was the primary reason behind taking on debt?,ما ذا كان السبب الرئيسي وراء اقتراض المال؟,,,true,${how_much_debt}>0,,,,,,,,,,,,,,,,,,
text,other_reasons_for_debt,"67.2 If other, specify please","إذا أخرى, الرجاء الشرح",,,true,"selected(${reasons_for_debt},'other')",,,,,,,,,,,,,,,,,,
select_one place3,market_place,68. For how long do members of your household have to travel on foot to reach the nearest operational marketplace or grocery store?,لكم من الوقت يتعين على الاسرة للسير مشياً للوصول الى اقرب سوق او محل بقالة يعمل؟,30 minutes walking = 2 km (approximately),30دقيقة مشي أي مايعادل 2كم بشكل تقريبي,true,,,,,,,,,,,,,,,,,,,
end_group,livelihoods,,الحياة المعيشية,,,,,,,,,,,,,,,,,,,,,,
begin_group,protection,Protection survey,الحماية,,,,${calc_noteligible} = 0,,,,,,,,,,,,,,,,,,
select_one ynd,hlp_document,"69. Does you household own valid documentation indicating land tenure or rental agreement for the property you are currently living in, or own elsewhere?",هل تمتلك أسرتك وثائق صالحة تشير إلى حيازة الأرض أو اتفاقية الإيجار للعقار الذي تعيش فيه حاليًا أو تملكه في مكان آخر؟,,,true,,,,,,,,,,,,,,,,,,,
select_one yndd,hh_dispute,"70. Is the property you are currently living in, or own elsewhere, under any kind of dispute?",هل الملكية التي تعيش فيها حالياً أو تملكها في مكان آخر تحت أي نوع من انواع النزاع؟,A dispute is if someone is contesting ownership over the property.,النزاع هو اذا ماكان شخص ما يتنافس على ملكية العقار,true,,,,,,,,,,,,,,,,,,,
select_one yndd,hh_risk_eviction,71. Is your household presently at risk of eviction?,هل تخشى اسرتك حاليا من خطر الاخلاء؟,,,true,,,,,,,,,,,,,,,,,,,
note,ref_evic,"This is household is presently at risk of eviction, please refer to the Iraq Information Centre (IIC) hotline 800 6 9999","هذه الاسرة معرّضة لخطر الاخلاء، يرجى الرجوع الى رقم الخط الساخن لمركز معلومات العراق    ICC) 800 6 9999)     ",,,,"selected(${hh_risk_eviction}, 'yes')",,,,,,,,,,,,,,,,,,
select_multiple eviction,hh_main_risks,71.1 What are the main reasons for fearing eviction?,ماهي الاسباب الرئيسية لخطر الإخلاء بالنسبة للاسرة؟,,,true,"selected(${hh_risk_eviction}, 'yes')",,,,,,,,,,,,,,,,,,
text,hh_main_risks_other,"71.2 If other, please describe","اذا كان الجواب اخر ,الرجاء الوصف",,,true,"selected(${hh_main_risks}, 'other')",,,,,,,,,,,,,,,,,,
select_one property_damaged,property_damaged,"72. Was housing, land or property that you own damaged during the conflict?",هل تضررت المساكن أو الأرض أو الممتلكات التي كنت تمتلكها أثناء النزاع؟,,,true,,,,,,,,,,,,,,,,,,,
select_one yndd,aware_compensation,"73. Are you aware of any land, housing or property compensation mechanism?",هل أنت على دراية بأي آلية لتعويض الأراضي أو المساكن أو الممتلكات؟,,,true,"selected(${property_damaged},'yes')",,,,,,,,,,,,,,,,,,
select_one yndd,applied_compensation,"73.1 Have you applied for housing, land or property compensation?",هل تقدمت بطلب للحصول على تعويض عن السكن أو الأرض أو العقار؟,,,true,"selected(${property_damaged},'yes') and selected(${aware_compensation}, 'yes')",,,,,,,,,,,,,,,,,,
select_one yndd,received_compensation,"73.2 Have you received any cash from the government as a result of your housing, land or property compensation application?",هل تلقيت أي مبالغ نقدية من الحكومة نتيجة لطلبك للحصول على تعويض عن السكن أو الأرض أو العقار؟,,,true,"selected(${applied_compensation},'yes')",,,,,,,,,,,,,,,,,,
select_one ynd_doc,pds_card,74. Does your household have a valid PDS card?,هل تمتلك اسرتك بطاقة تموينية نافذة او صالحة؟,,,true,,,,,,,,,,,,,,,,,,,
begin_group,missing_documents_above_18,Missing documents above 18,,For EVERY person in HH ABOVE 18!,لكل الاشخاص في الاسرة فوق ال18 سنة,true,,,,,,,field-list,,,,,,,,,,,,
note,note_missing_documents_above_18,"78. Does every person above 18 in your household have the following documents? This means you have it, it is valid, and it is stored in a secure place.","هل لدى كل شخص فوق 18 عامًا في منزلك الوثائق التالية؟ هذا يعني أنه لديك ، إنه نافذ ،  و  يتم حفظه في مكان آمن.",,,,,,,,,,,,,,,,,,,,,,
select_one yndd,id_card_a18,78.1 National ID card or unified ID card,هوية الاحوال المدنية او  البطاقة الموحدة, Unified ID replaces both ID card and nationality certificate.,الهوية الموحدة تحل محل كل من بطاقة الهوية وشهادة الجنسية.,true,,,,,,,,,,,,,,,,,,,
select_one yndd,nationality_cert_a18,78.2 Nationality certificate or unified ID card,بطاقة الجنسية او البطاقة الموحدة, Unified ID replaces both ID card and nationality certificate.,الهوية الموحدة تحل محل كل من بطاقة الهوية وشهادة الجنسية.,true,,,,,,,,,,,,,,,,,,,
end_group,,,,,,,,,,,,,,,,,,,,,,,,,
begin_group,missing_documents_under_18,Missing documents under 18,الوثائق المفقودة للافراد تحت سن ال18,For EVERY person in HH UNDER 18!,لكل الاشخاص في الاسرة تحت ال18 سنة,true,,,,,,,field-list,,,,,,,,,,,,
note,note_missing_documents_under_18,"79. Does every person under 18 in your household have the following documents? This means you have it, it is valid, and it is stored in a secure place.","هل لدى كل شخص تحت سن ال 18 عامًا في منزلك الوثائق التالية؟ هذا يعني أنه لديك ، إنه نافذ ،  و  يتم حفظه في مكان آمن.",,,,,,,,,,,,,,,,,,,,,,
select_one yndd,id_card_u18,79.1 National ID card or unified ID card,هوية الاحوال المدنية او  البطاقة الموحدة, Unified ID replaces both ID card and nationality certificate.,الهوية الموحدة تحل محل كل من بطاقة الهوية وشهادة الجنسية.,true,,,,,,,,,,,,,,,,,,,
select_one yndd,nationality_cert_u18,79.2 Nationality certificate or unified ID card,بطاقة الجنسية او البطاقة الموحدة, Unified ID replaces both ID card and nationality certificate.,الهوية الموحدة تحل محل كل من بطاقة الهوية وشهادة الجنسية.,true,,,,,,,,,,,,,,,,,,,
select_one yndd,birth_cert_u18,79.3 Birth certificate,شهادة الميلاد,,,true,,,,,,,,,,,,,,,,,,,
end_group,,,,,,,,,,,,,,,,,,,,,,,,,
select_one yes_no,ref_docs,80. Would you like us to get your contact information to refer you to legal support services?,هل تحب ان نحصل على معلومات الاتصال الخاصة بك لإحالتك إلى خدمات الدعم القانونية؟,,,true,"selected(${pds_card}, 'no') or selected(${id_card_a18}, 'no') or selected(${nationality_cert_a18}, 'no') or selected(${id_card_u18}, 'no')  or selected(${nationality_cert_u18}, 'no') or selected(${birth_cert_u18}, 'no') or selected(${hh_risk_eviction}, 'yes')",,,,,,,,,,,,,,,,,,
text,referral_contact,"80.1 Referral, name and contact information",الإحالة والاسم ومعلومات الاتصال,,,true,"selected(${ref_docs},'yes')",,,,,,,,,,,,,,,,,,
begin_group,restrictions,Movement restrictions,قيود في الحركة,,,true,,,,,,,field-list,,,,,,,,,,,,
note,movement_restrictions,"81. In the past month, has anyone in your HH experienced restrictions in their ability to move freely in your area in day light?","في الشهر الماضي ، هل عانى أي شخص من اسرتك من قيود في التحرك بحرية في منطقتك أثناء النهار؟",,,,,,,,,,,,,,,,,,,,,,
select_one yndd,restriction_clearance,81.1 Needing to obtain security clearance / coupons,الحاجة إلى الحصول على تصريح أمني / كوبونات,,,true,,,,,,,,,,,,,,,,,,,
select_one ynd_covid,restriction_clearance_covid,"If yes, was this restriction related to government restrictions due to COVID-19?","اذا نعم، هل كانت هذه القيود بسبب قيود الحكومة المتعلقة بالفيروس كورونا؟",,,true,"selected(${restriction_clearance}, 'yes')",,,,,,,,,,,,,,,,,,
select_one yndd,restriction_documents,81.2 Needing to show ID documents to civilian authorities or security actors,الحاجة إلى إظهار وثائق الهوية للسلطات المدنية أو الجهات الأمنية,,,true,,,,,,,,,,,,,,,,,,,
select_one ynd_covid,restriction_documents_covid,"If yes, was this restriction related to government restrictions due to COVID-19?","اذا نعم، هل كانت هذه القيود بسبب قيود الحكومة المتعلقة بالفيروس كورونا؟",,,true,"selected(${restriction_documents}, 'yes')",,,,,,,,,,,,,,,,,,
select_one yndd,restriction_time,81.3 Time restrictions on when to leave and return,"قيود في التوقيت، اي على وقت المغادرة والعودة",,,true,,,,,,,,,,,,,,,,,,,
select_one ynd_covid,restriction_time_covid,"If yes, was this restriction related to government restrictions due to COVID-19?","اذا نعم، هل كانت هذه القيود بسبب قيود الحكومة المتعلقة بالفيروس كورونا؟",,,true,"selected(${restriction_time}, 'yes')",,,,,,,,,,,,,,,,,,
select_one yndd,restriction_reason,"81.4 Needing to provide a specific reason for movement (employment, medical, school)","الحاجة إلى تقديم سبب محدد للحركة (التوظيف ، اسباب صحية ، المدرسة)",,,true,,,,,,,,,,,,,,,,,,,
select_one ynd_covid,restriction_reason_covid,"If yes, was this restriction related to government restrictions due to COVID-19?","اذا نعم، هل كانت هذه القيود بسبب قيود الحكومة المتعلقة بالفيروس كورونا؟",,,true,"selected(${restriction_reason}, 'yes')",,,,,,,,,,,,,,,,,,
select_one yndd,restriction_physical,81.5 Physical road blocks,حواجز على الطرقات,,,true,,,,,,,,,,,,,,,,,,,
select_one ynd_covid,restriction_physical_covid,"If yes, was this restriction related to government restrictions due to COVID-19?","اذا نعم، هل كانت هذه القيود بسبب قيود الحكومة المتعلقة بالفيروس كورونا؟",,,true,"selected(${restriction_physical}, 'yes')",,,,,,,,,,,,,,,,,,
select_one yes_no,restriction_other,81.6 Other,اخرى,,,true,,,,,,,,,,,,,,,,,,,
end_group,,,,,,,,,,,,,,,,,,,,,,,,,
text,restriction_type_other,"81.7 If other, please specify","اذا اخرى، الرجاء التحديد",,,true,"selected(${restriction_other},'yes')",,,,,,,,,,,,,,,,,,
select_one yndd,feel_unsafe,82. Are there any areas in your location where women and girls feel unsafe?,هل توجد مناطق في موقعك تشعر فيها النساء والفتيات بعدم الأمان؟,,,true,,,,,,,,,,,,,,,,,,,
select_multiple unsafe_areas,unsafe_areas,"82.1 If yes, what areas do women and girls in your community avoid or feel unsafe?"," إذا نعم ، ما هي المناطق التي تتجنبها النساء والفتيات في مجتمعك أو تشعر بعدم الأمان فيها؟",,,true,"selected(${feel_unsafe},'yes')",,"if(selected(.,'do_not_know'), count-selected(.)=1, count-selected(.)>=1)","Cannot select ""Don't know"" together with any other option","لا يمكن اختيار ""لا أعرف"" مع خيار آخر",,,,,,,,,,,,,,
select_one yndd,security_incident,83. Have you or any member of your household been affected by a safety or security incident in the last 30 days?,هل تأثرت أنت أو أي فرد من أفراد أسرتك بحادثة امنية او سلامة خلال آخر 30 يومًا؟,,,true,,,,,,,,,,,,,,,,,,,
select_one incident_gender,security_incident_gender,"83.1 If yes, is the person male or female?","إذا كانت الإجابة نعم ، فهل الشخص ذكر أم أنثى؟",,,true,"selected(${security_incident}, 'yes')",,,,,,,,,,,,,,,,,,
select_multiple disciplinary_measures,disciplinary_measures,84. Adults use certain ways to teach children the right behavior or to address a behavior problem. I will read various methods that are used. Please tell me if you or any other adult in your household has used this method with your children the past 30 days. ,يستخدم الكبار طرقًا معينة لتعليم الأطفال السلوك الصحيح أو معالجة مشكلة سلوكية. سأقرأ الأساليب المختلفة التي يتم استخدامها. يُرجى إخباري إذا كنت أنت أو أي شخص بالغ آخر في أسرتك قد استخدم هذه الطريقة مع أطفالك خلال الثلاثين يومًا الماضية,,,true,${tot_child}>0,,"if(selected(.,'no_answer'), count-selected(.)=1, count-selected(.)>=1)","Cannot select ""None"" together with any other option",لا ينبغي تحديد ( لاشيئ ) مع خيار آخر,,,,,,,,,,,,,,
select_one yndd,risk_education,"84.1 Have you or any member of your household received any information, education or training about the risk of explosive ordnance?",هل تلقيت أنت أو أي فرد من أفراد أسرتك أي معلومات أو تعليم أو تدريب حول خطر الذخائر المتفجرة؟,,,true,,,,,,,,,,,,,,,,,,,
end_group,protection,,,,,,,,,,,,,,,,,,,,,,,,
begin_group,accountability,Accountability to affected populations,المساءلة على السكان المتضررين,,,,${calc_noteligible} = 0,,,,,,,,,,,,,,,,,,
select_multiple info_aid,info_aid,85. What type of information would you like to receive from humanitarian actors (top 3)? Please specify your top 3 priorities.,ما نوع المعلومات التي ترغب في تلقيها من الجهات الفاعلة الإنسانية (أاختر اهم 3)؟,,,true,,,"not(selected(.,'none') and count-selected(.)>1) and count-selected(.)<=3","You cannot select more than 3 options. You cannot select ""do not know"" or ""decline to answer"" and any other options.",لايجوز تحديد اكثر من  3 خيارات. لا يجوز تحديد لا اعلم مع خيار آخر,,,,,,,,,,,,,,
text,info_aid_other,"85.1 if other, please describe","اذا اخرى، الرجاء التحديد",,,true,"selected(${info_aid},'other')",,,,,,,,,,,,,,,,,,
select_multiple info_provider,info_provider,86. Who/where do you currently receive information from (top 3)?,مِن مَن او اين تتلقى المعلومات حاليا ( اختر اهم 3),,,true,${calc_idp} = 1,,count-selected(.)<=3,You cannot select more than 3 options.,لا يجوز تحديد اكثر من 3 خيارات,,,,,,,,,,,,,,
select_multiple info_provider_ret,info_provider_ret,86. Who/where do you currently receive information from (top 3)?,مِن مَن او اين تتلقى المعلومات حاليا ( اختر اهم 3),,,true,${calc_returnee} = 1,,count-selected(.)<=3,You cannot select more than 3 options.,لا يجوز تحديد اكثر من 3 خيارات,,,,,,,,,,,,,,
text,info_provider_other,"86.1 if other, please describe","اذا اخرى، الرجاء التحديد",,,true,"selected(${info_provider},'other') or selected(${info_provider_ret},'other')",,,,,,,,,,,,,,,,,,
select_multiple info_mode,info_mode,87. What is your preferred mode of receiving the information (top 3)?,ماهي الوسائل المفضلة لديك لتلقي المعلومات ( اختر اهم 3)؟,,,true,,,count-selected(.)<=3,You cannot select more than 3 options.,لا يجوز تحديد اكثر من 3 خيارات,,,,,,,,,,,,,,
text,info_mode_other,"87.1 if other, please describe","اذا كان الجواب اخر ,الرجاء الوصف",,,true,"selected(${info_mode},'other')",,,,,,,,,,,,,,,,,,
select_one ynd,aid_received,88. Have you received aid in the past 30 days?,هل استلمت معونات او مساعدات خلال ال30 يوما الماضية؟,,,true,,,,,,,,,,,,,,,,,,,
select_multiple aid_type,aid_type,88.1 What type of assistance/aid did you receive?,مانوع المساعدة التي استلمتها؟,,,true,"selected(${aid_received},'yes')",,,,,,,,,,,,,,,,,,
select_one yndd,aid_satisfaction,"89. If you have received aid in the last 30 days, are you satisfied with the aid you received?","اذا نعم، هل انت راضٍ عن المساعدة التي استلمتها؟",,,true,"selected(${aid_received},'yes')",,,,,,,,,,,,,,,,,,
select_multiple aid_not_satisfied,aid_not_satisfied,"89.1 If you have received aid in the last 30 days and were not satisfied, what is the main reason why you were not satisfied with the aid received?","اذا كنت قد تلقيت المساعدة خلال ال30 يوما الماضية ولم تكن راضيا بها، ماسبب عدم رضاك؟",,,true,"selected(${aid_satisfaction},'no')",,,,,,,,,,,,,,,,,,
text,aid_not_satisfied_other,"89.2 if other, please describe","اذا كان الجواب اخر ,الرجاء الوصف",,,,"selected(${aid_not_satisfied},'other')",,,,,,,,,,,,,,,,,,
select_one yndd,aid_workers_satisfied,90. Are you satisfied with the way aid workers have behaved in the last 6 months in your location?,هل انت راضٍ عن التصرّف الذي قام به عمال الاغاثة خلال ال6 اشهر الماضية في موقعك؟,,,true,"selected(${aid_received},'yes')",,,,,,,,,,,,,,,,,,
text,aid_workers_whyno,"90.1 If not, why not?","اذا كلا، مالسبب؟",,,true,"selected(${aid_workers_satisfied},'no')",,,,,,,,,,,,,,,,,,
select_one yndd,complaint_mechanisms,91. Are you aware of how to access complaint mechanisms?,هل أنت على علم بكيفية الوصول إلى آليات الشكوى؟,,,true,"selected(${aid_received},'yes')",,,,,,,,,,,,,,,,,,
select_one ynd,covid_info_need,92. Do you currently need more information about COVID-19?,هل تحتاج حاليا الى معلومات اضافية اكثر حول الفيروس كورونا؟,,,true ,,,,,,,,,,,,,,,,,,,
select_multiple covid_info_type,covid_info_type,"92.1 If yes, what type of information do you need?","اذا نعم، مانوع المعلومات التي تحتاجها؟",,,true ,"selected(${covid_info_need},'yes')",,"if(selected(.,'do_not_know'), count-selected(.)=1, count-selected(.)>=1)","Cannot select ""Don't know"" together with any other option","لا يمكن اختيار ""لا أعرف"" مع خيار آخر",,,,,,,,,,,,,,
text,covid_info_type_other,"92.3 If other, please specify","اذا اخرى، الرجاء التحديد",,,true ,"selected(${covid_info_type},'other')",,,,,,,,,,,,,,,,,,
end_group,accountability,,,,,,,,,,,,,,,,,,,,,,,,
begin_group,intentions,Intention survey,النوايا,,,,${calc_noteligible} = 0,,,,,,,,,,,,,,,,,,
select_one intention,movement_intentions,93. What are your household's current movement intentions for the next three months?,ماهي نوايا الانتقال الحالية بالنسبة للاسرة خلال الأشهر الثلاثة القادمة؟,,,true,${calc_idp} = 1,,,,,,,,,,,,,,,,,,
select_one intention_nonidp,movement_intentions_b,93. What are your household's current movement intentions for the next three months?,ماهي نوايا الانتقال الحالية بالنسبة للاسرة خلال الأشهر الثلاثة القادمة؟,,,true,${calc_returnee} = 1,,,,,,,,,,,,,,,,,,
select_one intention_nonidp,movement_intentions_b12,94. What are your household's current movement intentions for the next twelve months?,ماهي نوايا الانتقال الحالية بالنسبة للاسرة خلال الاشهر ال12 القادمة؟,,,true,${calc_returnee} = 1,,,,,,,,,,,,,,,,,,
select_one intentions12,movement_intentions12,94. What are your household's current movement intentions for the next twelve months?,ماهي نوايا الانتقال الحالية بالنسبة للاسرة خلال الاشهر ال12 القادمة؟,,,true,"${calc_idp} = 1 and not(selected(${movement_intentions},'return'))",,,,,,,,,,,,,,,,,,
select_multiple reasons_displace,movement_intentions_ret,95. What are the main reasons you would consider displacement again? (select max. 3),ماهي الاسباب الرئيسية التي قد تجعلك تقوم بالنزوح مرة اخرى؟ ( حدد 3 كحد اقصى),,,true,"${calc_returnee} = 1 and (selected(${movement_intentions_b}, 'move_inside_iraq') or selected(${movement_intentions_b}, 'move_outside_iraq') or selected(${movement_intentions_b12}, 'move_inside_iraq') or selected(${movement_intentions_b12}, 'move_outside_iraq'))",,"if(selected(.,'do_not_know') or selected(.,'decline_to_answer'), count-selected(.)=1, count-selected(.)<=3)","You cannot select more than 3 options. You cannot select ""do not know"" or ""decline to answer"" and any other options.",لايجوز تحديد اكثر من  3 خيارات. لا يجوز تحديد لا اعلم مع خيار آخر,,,,,,,,,,,,,,
text,movement_intentions_ret_other,"95.1 If other, please specify","اذا اخرى، الرجاء التحديد",,,true,"selected(${movement_intentions_ret},'other')",,,,,,,,,,,,,,,,,,
select_multiple reasons_return,reason_to_return_to_aoo,96. What are the main reasons why you currently intend to return to your area of origin? (Select max 3),ماهي الاسباب الرئيسية التي تجعلك حاليا تفكر بالعودة الى منطقتك الاصلية؟ ( حدد ثلاثة فقط كحد اقصى),,,true,"${calc_idp} = 1 and (selected(${movement_intentions12}, 'return') or selected(${movement_intentions},'return')) ",,count-selected(.)<=3,You cannot select more than 3 options.,لا يجوز تحديد اكثر من 3 خيارات,,,,,,,,,,,,,,
text,reason_to_return_to_aoo_other,"96.1 If other, please specify","اذا اخرى، الرجاء التحديد",,,true,"selected(${reason_to_return_to_aoo},'other')",,,,,,,,,,,,,,,,,,
select_multiple ox8ul79,why_not_return,"97. If not intending to return within the next year, why not? (select max. 3)","اذا لم تكن تنوي العودة الى منطقة الاصل خلال السنة القادمة، ماهو سبب ذلك؟ ( حدد 3 كحد اقصى)",,,true,"${calc_idp} = 1 and (not(selected(${movement_intentions}, 'return')) and not(selected(${movement_intentions12},'return')) and not(selected(${movement_intentions}, 'wait_to_decide')) and not(selected(${movement_intentions12},'wait_to_decide')))",,"if(selected(.,'do_not_know') or selected(.,'decline_to_answer'), count-selected(.)=1, count-selected(.)<=3)","You cannot select more than 3 options. You cannot select ""do not know"" or ""decline to answer"" and any other options.",لايجوز تحديد اكثر من  3 خيارات. لا يجوز تحديد لا اعلم مع خيار آخر,,,,,,,,,,,,,,
text,why_not_return_other,"97.1 If other, please specify","اذا اخرى، الرجاء التحديد",,,true,"selected(${why_not_return},'other')",,,,,,,,,,,,,,,,,,
select_one yndd,local_integration,98. Does your household intend to integrate into the local community of your current district in the long-term?, هل تنوي أسرتك الاندماج في المجتمع المحلي لمنطقتك الحالية على المدى الطويل؟,Local integration = Participation in the local economy and society,الاندماج المحلي = المشاركة في الاقتصاد والمجتمع المحلي,true,"${calc_idp} = 1 and selected(${movement_intentions12}, 'current') or selected(${movement_intentions},'current')",,,,,,,,,,,,,,,,,,
end_group,intentions,,,,,,,,,,,,,,,,,,,,,,,,
begin_group,contact_group,Contact,اتصال,,,,${calc_noteligible} = 0,,,,,,,,,,,,,,,,,,
select_one yes_no,snowballing_willing,99. In order to have accurate information about the needs of people living in your area we would like to do these interviews with as many households as possible. Would you be willing to share contact details from other IDP or Returnee households who we could call to participate in this survey?,"من أجل الحصول على معلومات دقيقة حول احتياجات الأشخاص الذين يعيشون في منطقتك ، نود إجراء هذه المقابلات مع أكبر عدد ممكن من الأسر. هل ستكون على استعداد لمشاركة تفاصيل الاتصال من أسر النازحين أو العائدين الأخرى التي يمكننا الاتصال بها للمشاركة في هذا الاستطلاع؟",,,true,"selected(${dc_method}, 'remote')",,,,,,,,,,,,,,,,,,
begin_group,snowballing,,,,,,"selected(${snowballing_willing},'yes')",,,,,,field-list,,,,,,,,,,,,
note,snowballing_question,Please provide his/her contact details:,يرجى تقديم تفاصيل الاتصال ا,,,,,,,,,,,,,,,,,,,,,,
text,snowballing_name,99.1 Name,الاسم الكامل,,,,,,,,,,,,,,,,,,,,,,
text,snowballing_telephone,99.2 Telephone number,رقم الهاتف,,,true,,,"regex(., '^[0]{1}[0-9]{10}$')",should be 11 digits and start with 0,ينبغي ان يكون 11 رقماً ويبدأ بـ 0,,,,,,,,,,,,,,
select_one yes_no,snowballing_same_district,99.3 Is this person living in the same district as you?,هل يعيش هذا الشخص في نفس القضاء الذي تعيش فيه انت؟,,,true,,,,,,,,,,,,,,,,,,,
select_one governorate_mcna,snowballing_governorate,"99.4 If no, which governorate does the person live in?","اذا كلا، في اي محافظة يعيش هذا الشخص حاليا؟",,,true,"selected(${snowballing_same_district}, 'no')",,,,,,,,,,,,,,,,,,
select_one district_origin,snowballing_district,99.5 Which district does the person live in?,في اي قضاء يعيش هذا الشخص حاليا؟,,,true,"selected(${snowballing_same_district}, 'no')",filter=${snowballing_governorate},,,,,,,,,,,,,,,,,
select_one idp_returnee,snowballing_popgroup,99.6 Is this person part of the returnee or IDP community?,هل هذا الشخص نازح ام عائد؟,,,true,,,,,,,,,,,,,,,,,,,
end_group,snowballing,,,,,,,,,,,,field-list,,,,,,,,,,,,
select_one yes_no,further_contact_willing,100. Are you prepared to provide your details so that we can contact you by telephone to take part in other future assessments about your area of origin?,هل انت مستعد لتقديم التفاصيل الخاصة بك بحيث نستطيع الاتصال بك على الهاتف في المستقبل من اجل المشاركة في التقييمات الاخرى عن منطقتك المنشأ ؟,,,true,"selected(${dc_method}, 'in_person')",,,,,,,,,,,,,,,,,,
begin_group,contact_details,Please provide your contact details:,يرجى تقديم تفاصيل الاتصال الخاصة بك,,,,"selected(${further_contact_willing},'yes')",,,,,,field-list,,,,,,,,,,,,
text,contact_details_name,100.1 Full name,الاسم الكامل,,,true,"selected(${further_contact_willing}, 'yes')",,,,,,,,,,,,,,,,,,
text,contact_details_telephone,100.2 Telephone number,رقم الهاتف,,,true,"selected(${further_contact_willing}, 'yes')",,"regex(., '^[0]{1}[0-9]{10}$')",should be 11 digits and start with 0,ينبغي ان يكون 11 رقماً ويبدأ بـ 0,,,,,,,,,,,,,,
end_group,,,,,,,,,,,,,,,,,,,,,,,,,
end_group,,,,,,,,,,,,,,,,,,,,,,,,,
end_group,eligible ,Eligible household,,,,,"selected(${displace_status_idp}, 'yes') and selected(${displace_status}, 'no') or selected(${displace_status_returnee}, 'yes') and selected(${displace_status}, 'yes')",,,,,,,,,,,,,,,,,,
geopoint,gpslocation,Record the current location within 5 meters of accuracy,الرجاء تحديد الموقع ضمن مسافة 5 امتار ان امكن,,,true,"selected(${dc_method}, 'in_person')",,,,,,,,,,,,,,,,,,
note,thanks,END OF SURVEY - THANK YOU FOR YOUR TIME please exit the form and submit it,نهايه الاستطلاع شكرا لوقتك الرجاء أغلاق الاستمارة وأرسالها.,,,,,,,,,,,,,,,,,,,,,,
calculate,__version__,,,,,,,,,,,'vbXDq8NrcKaM8ezya3Qhec',,,,,,,,,,,,,
,,,,,,,,,,,,,,,,,,,,,,,,,
,,,,,,,,,,,,,,,,,,,,,,,,,
,,,,,,,,,,,,,,,,,,,,,,,,,
,,,,,,,,,,,,,,,,,,,,,,,,,
,,,,,,,,,,,,,,,,,,,,,,,,,
,,,,,,,,,,,,,,,,,,,,,,,,,
,,,,,,,,,,,,,,,,,,,,,,,,,
,,,,,,,,,,,,,,,,,,,,,,,,,
,,,,,,,,,,,,,,,,,,,,,,,,,
,,,,,,,,,,,,,,,,,,,,,,,,,
,,,,,,,,,,,,,,,,,,,,,,,,,
,,,,,,,,,,,,,,,,,,,,,,,,,
,,,,,,,,,,,,,,,,,,,,,,,,,
,,,,,,,,,,,,,,,,,,,,,,,,,
,,,,,,,,,,,,,,,,,,,,,,,,,
,,,,,,,,,,,,,,,,,,,,,,,,,
,,,,,,,,,,,,,,,,,,,,,,,,,
,,,,,,,,,,,,,,,,,,,,,,,,,
,,,,,,,,,,,,,,,,,,,,,,,,,
,,,,,,,,,,,,,,,,,,,,,,,,,
,,,,,,,,,,,,,,,,,,,,,,,,,
,,,,,,,,,,,,,,,,,,,,,,,,,
,,,,,,,,,,,,,,,,,,,,,,,,,
,,,,,,,,,,,,,,,,,,,,,,,,,
,,,,,,,,,,,,,,,,,,,,,,,,,
,,,,,,,,,,,,,,,,,,,,,,,,,
,,,,,,,,,,,,,,,,,,,,,,,,,
,,,,,,,,,,,,,,,,,,,,,,,,,
,,,,,,,,,,,,,,,,,,,,,,,,,
,,,,,,,,,,,,,,,,,,,,,,,,,
,,,,,,,,,,,,,,,,,,,,,,,,,
,,,,,,,,,,,,,,,,,,,,,,,,,
,,,,,,,,,,,,,,,,,,,,,,,,,
,,,,,,,,,,,,,,,,,,,,,,,,,
,,,,,,,,,,,,,,,,,,,,,,,,,
,,,,,,,,,,,,,,,,,,,,,,,,,
,,,,,,,,,,,,,,,,,,,,,,,,,
,,,,,,,,,,,,,,,,,,,,,,,,,
,,,,,,,,,,,,,,,,,,,,,,,,,
,,,,,,,,,,,,,,,,,,,,,,,,,
,,,,,,,,,,,,,,,,,,,,,,,,,
,,,,,,,,,,,,,,,,,,,,,,,,,
,,,,,,,,,,,,,,,,,,,,,,,,,
,,,,,,,,,,,,,,,,,,,,,,,,,
,,,,,,,,,,,,,,,,,,,,,,,,,
,,,,,,,,,,,,,,,,,,,,,,,,,
,,,,,,,,,,,,,,,,,,,,,,,,,
,,,,,,,,,,,,,,,,,,,,,,,,,
,,,,,,,,,,,,,,,,,,,,,,,,,
,,,,,,,,,,,,,,,,,,,,,,,,,
,,,,,,,,,,,,,,,,,,,,,,,,,
,,,,,,,,,,,,,,,,,,,,,,,,,
,,,,,,,,,,,,,,,,,,,,,,,,,
,,,,,,,,,,,,,,,,,,,,,,,,,
,,,,,,,,,,,,,,,,,,,,,,,,,
,,,,,,,,,,,,,,,,,,,,,,,,,
,,,,,,,,,,,,,,,,,,,,,,,,,
,,,,,,,,,,,,,,,,,,,,,,,,,
,,,,,,,,,,,,,,,,,,,,,,,,,
,,,,,,,,,,,,,,,,,,,,,,,,,
,,,,,,,,,,,,,,,,,,,,,,,,,
,,,,,,,,,,,,,,,,,,,,,,,,,
,,,,,,,,,,,,,,,,,,,,,,,,,
,,,,,,,,,,,,,,,,,,,,,,,,,
,,,,,,,,,,,,,,,,,,,,,,,,,
,,,,,,,,,,,,,,,,,,,,,,,,,
,,,,,,,,,,,,,,,,,,,,,,,,,
,,,,,,,,,,,,,,,,,,,,,,,,,
,,,,,,,,,,,,,,,,,,,,,,,,,
,,,,,,,,,,,,,,,,,,,,,,,,,
,,,,,,,,,,,,,,,,,,,,,,,,,
,,,,,,,,,,,,,,,,,,,,,,,,,
,,,,,,,,,,,,,,,,,,,,,,,,,
,,,,,,,,,,,,,,,,,,,,,,,,,
,,,,,,,,,,,,,,,,,,,,,,,,,
,,,,,,,,,,,,,,,,,,,,,,,,,
,,,,,,,,,,,,,,,,,,,,,,,,,
,,,,,,,,,,,,,,,,,,,,,,,,,
,,,,,,,,,,,,,,,,,,,,,,,,,
,,,,,,,,,,,,,,,,,,,,,,,,,
,,,,,,,,,,,,,,,,,,,,,,,,,
,,,,,,,,,,,,,,,,,,,,,,,,,
,,,,,,,,,,,,,,,,,,,,,,,,,
,,,,,,,,,,,,,,,,,,,,,,,,,
,,,,,,,,,,,,,,,,,,,,,,,,,
,,,,,,,,,,,,,,,,,,,,,,,,,
,,,,,,,,,,,,,,,,,,,,,,,,,
,,,,,,,,,,,,,,,,,,,,,,,,,
,,,,,,,,,,,,,,,,,,,,,,,,,
,,,,,,,,,,,,,,,,,,,,,,,,,
,,,,,,,,,,,,,,,,,,,,,,,,,
,,,,,,,,,,,,,,,,,,,,,,,,,
,,,,,,,,,,,,,,,,,,,,,,,,,
,,,,,,,,,,,,,,,,,,,,,,,,,
,,,,,,,,,,,,,,,,,,,,,,,,,
,,,,,,,,,,,,,,,,,,,,,,,,,
,,,,,,,,,,,,,,,,,,,,,,,,,
,,,,,,,,,,,,,,,,,,,,,,,,,
,,,,,,,,,,,,,,,,,,,,,,,,,
,,,,,,,,,,,,,,,,,,,,,,,,,
,,,,,,,,,,,,,,,,,,,,,,,,,
,,,,,,,,,,,,,,,,,,,,,,,,,
,,,,,,,,,,,,,,,,,,,,,,,,,
,,,,,,,,,,,,,,,,,,,,,,,,,
,,,,,,,,,,,,,,,,,,,,,,,,,
,,,,,,,,,,,,,,,,,,,,,,,,,
,,,,,,,,,,,,,,,,,,,,,,,,,
,,,,,,,,,,,,,,,,,,,,,,,,,
,,,,,,,,,,,,,,,,,,,,,,,,,
,,,,,,,,,,,,,,,,,,,,,,,,,
,,,,,,,,,,,,,,,,,,,,,,,,,
,,,,,,,,,,,,,,,,,,,,,,,,,
,,,,,,,,,,,,,,,,,,,,,,,,,
,,,,,,,,,,,,,,,,,,,,,,,,,
,,,,,,,,,,,,,,,,,,,,,,,,,
,,,,,,,,,,,,,,,,,,,,,,,,,
,,,,,,,,,,,,,,,,,,,,,,,,,
,,,,,,,,,,,,,,,,,,,,,,,,,
,,,,,,,,,,,,,,,,,,,,,,,,,
,,,,,,,,,,,,,,,,,,,,,,,,,
,,,,,,,,,,,,,,,,,,,,,,,,,
,,,,,,,,,,,,,,,,,,,,,,,,,
,,,,,,,,,,,,,,,,,,,,,,,,,
,,,,,,,,,,,,,,,,,,,,,,,,,
,,,,,,,,,,,,,,,,,,,,,,,,,
,,,,,,,,,,,,,,,,,,,,,,,,,
,,,,,,,,,,,,,,,,,,,,,,,,,
,,,,,,,,,,,,,,,,,,,,,,,,,
,,,,,,,,,,,,,,,,,,,,,,,,,
,,,,,,,,,,,,,,,,,,,,,,,,,
,,,,,,,,,,,,,,,,,,,,,,,,,
,,,,,,,,,,,,,,,,,,,,,,,,,
,,,,,,,,,,,,,,,,,,,,,,,,,
,,,,,,,,,,,,,,,,,,,,,,,,,
,,,,,,,,,,,,,,,,,,,,,,,,,
,,,,,,,,,,,,,,,,,,,,,,,,,
,,,,,,,,,,,,,,,,,,,,,,,,,
,,,,,,,,,,,,,,,,,,,,,,,,,
,,,,,,,,,,,,,,,,,,,,,,,,,
,,,,,,,,,,,,,,,,,,,,,,,,,
,,,,,,,,,,,,,,,,,,,,,,,,,
,,,,,,,,,,,,,,,,,,,,,,,,,
,,,,,,,,,,,,,,,,,,,,,,,,,
,,,,,,,,,,,,,,,,,,,,,,,,,
,,,,,,,,,,,,,,,,,,,,,,,,,
,,,,,,,,,,,,,,,,,,,,,,,,,
,,,,,,,,,,,,,,,,,,,,,,,,,
,,,,,,,,,,,,,,,,,,,,,,,,,
,,,,,,,,,,,,,,,,,,,,,,,,,
,,,,,,,,,,,,,,,,,,,,,,,,,
,,,,,,,,,,,,,,,,,,,,,,,,,
,,,,,,,,,,,,,,,,,,,,,,,,,
,,,,,,,,,,,,,,,,,,,,,,,,,
,,,,,,,,,,,,,,,,,,,,,,,,,
,,,,,,,,,,,,,,,,,,,,,,,,,
,,,,,,,,,,,,,,,,,,,,,,,,,
,,,,,,,,,,,,,,,,,,,,,,,,,
,,,,,,,,,,,,,,,,,,,,,,,,,
,,,,,,,,,,,,,,,,,,,,,,,,,
,,,,,,,,,,,,,,,,,,,,,,,,,
,,,,,,,,,,,,,,,,,,,,,,,,,
,,,,,,,,,,,,,,,,,,,,,,,,,
,,,,,,,,,,,,,,,,,,,,,,,,,
,,,,,,,,,,,,,,,,,,,,,,,,,
,,,,,,,,,,,,,,,,,,,,,,,,,
,,,,,,,,,,,,,,,,,,,,,,,,,
,,,,,,,,,,,,,,,,,,,,,,,,,
,,,,,,,,,,,,,,,,,,,,,,,,,
,,,,,,,,,,,,,,,,,,,,,,,,,
,,,,,,,,,,,,,,,,,,,,,,,,,
,,,,,,,,,,,,,,,,,,,,,,,,,
,,,,,,,,,,,,,,,,,,,,,,,,,
,,,,,,,,,,,,,,,,,,,,,,,,,
,,,,,,,,,,,,,,,,,,,,,,,,,
,,,,,,,,,,,,,,,,,,,,,,,,,
,,,,,,,,,,,,,,,,,,,,,,,,,
,,,,,,,,,,,,,,,,,,,,,,,,,
,,,,,,,,,,,,,,,,,,,,,,,,,
,,,,,,,,,,,,,,,,,,,,,,,,,
,,,,,,,,,,,,,,,,,,,,,,,,,
,,,,,,,,,,,,,,,,,,,,,,,,,
,,,,,,,,,,,,,,,,,,,,,,,,,
,,,,,,,,,,,,,,,,,,,,,,,,,
,,,,,,,,,,,,,,,,,,,,,,,,,
,,,,,,,,,,,,,,,,,,,,,,,,,
,,,,,,,,,,,,,,,,,,,,,,,,,
,,,,,,,,,,,,,,,,,,,,,,,,,
,,,,,,,,,,,,,,,,,,,,,,,,,
,,,,,,,,,,,,,,,,,,,,,,,,,
,,,,,,,,,,,,,,,,,,,,,,,,,
,,,,,,,,,,,,,,,,,,,,,,,,,
,,,,,,,,,,,,,,,,,,,,,,,,,
,,,,,,,,,,,,,,,,,,,,,,,,,
,,,,,,,,,,,,,,,,,,,,,,,,,
,,,,,,,,,,,,,,,,,,,,,,,,,
,,,,,,,,,,,,,,,,,,,,,,,,,
,,,,,,,,,,,,,,,,,,,,,,,,,
,,,,,,,,,,,,,,,,,,,,,,,,,
,,,,,,,,,,,,,,,,,,,,,,,,,
,,,,,,,,,,,,,,,,,,,,,,,,,
,,,,,,,,,,,,,,,,,,,,,,,,,
,,,,,,,,,,,,,,,,,,,,,,,,,
,,,,,,,,,,,,,,,,,,,,,,,,,
,,,,,,,,,,,,,,,,,,,,,,,,,
,,,,,,,,,,,,,,,,,,,,,,,,,
,,,,,,,,,,,,,,,,,,,,,,,,,
,,,,,,,,,,,,,,,,,,,,,,,,,
,,,,,,,,,,,,,,,,,,,,,,,,,
,,,,,,,,,,,,,,,,,,,,,,,,,
,,,,,,,,,,,,,,,,,,,,,,,,,
,,,,,,,,,,,,,,,,,,,,,,,,,
,,,,,,,,,,,,,,,,,,,,,,,,,
,,,,,,,,,,,,,,,,,,,,,,,,,
,,,,,,,,,,,,,,,,,,,,,,,,,
,,,,,,,,,,,,,,,,,,,,,,,,,
,,,,,,,,,,,,,,,,,,,,,,,,,
,,,,,,,,,,,,,,,,,,,,,,,,,
,,,,,,,,,,,,,,,,,,,,,,,,,
,,,,,,,,,,,,,,,,,,,,,,,,,
,,,,,,,,,,,,,,,,,,,,,,,,,
,,,,,,,,,,,,,,,,,,,,,,,,,
,,,,,,,,,,,,,,,,,,,,,,,,,
,,,,,,,,,,,,,,,,,,,,,,,,,
,,,,,,,,,,,,,,,,,,,,,,,,,
,,,,,,,,,,,,,,,,,,,,,,,,,
,,,,,,,,,,,,,,,,,,,,,,,,,
,,,,,,,,,,,,,,,,,,,,,,,,,
,,,,,,,,,,,,,,,,,,,,,,,,,
,,,,,,,,,,,,,,,,,,,,,,,,,
,,,,,,,,,,,,,,,,,,,,,,,,,
,,,,,,,,,,,,,,,,,,,,,,,,,
,,,,,,,,,,,,,,,,,,,,,,,,,
,,,,,,,,,,,,,,,,,,,,,,,,,
,,,,,,,,,,,,,,,,,,,,,,,,,
,,,,,,,,,,,,,,,,,,,,,,,,,
,,,,,,,,,,,,,,,,,,,,,,,,,
,,,,,,,,,,,,,,,,,,,,,,,,,
,,,,,,,,,,,,,,,,,,,,,,,,,
,,,,,,,,,,,,,,,,,,,,,,,,,
,,,,,,,,,,,,,,,,,,,,,,,,,
,,,,,,,,,,,,,,,,,,,,,,,,,
,,,,,,,,,,,,,,,,,,,,,,,,,
,,,,,,,,,,,,,,,,,,,,,,,,,
,,,,,,,,,,,,,,,,,,,,,,,,,
,,,,,,,,,,,,,,,,,,,,,,,,,
,,,,,,,,,,,,,,,,,,,,,,,,,
,,,,,,,,,,,,,,,,,,,,,,,,,
,,,,,,,,,,,,,,,,,,,,,,,,,
,,,,,,,,,,,,,,,,,,,,,,,,,
,,,,,,,,,,,,,,,,,,,,,,,,,
,,,,,,,,,,,,,,,,,,,,,,,,,
,,,,,,,,,,,,,,,,,,,,,,,,,
,,,,,,,,,,,,,,,,,,,,,,,,,
,,,,,,,,,,,,,,,,,,,,,,,,,
,,,,,,,,,,,,,,,,,,,,,,,,,
,,,,,,,,,,,,,,,,,,,,,,,,,
,,,,,,,,,,,,,,,,,,,,,,,,,
,,,,,,,,,,,,,,,,,,,,,,,,,
,,,,,,,,,,,,,,,,,,,,,,,,,
,,,,,,,,,,,,,,,,,,,,,,,,,
,,,,,,,,,,,,,,,,,,,,,,,,,
,,,,,,,,,,,,,,,,,,,,,,,,,
,,,,,,,,,,,,,,,,,,,,,,,,,
,,,,,,,,,,,,,,,,,,,,,,,,,
,,,,,,,,,,,,,,,,,,,,,,,,,
,,,,,,,,,,,,,,,,,,,,,,,,,
,,,,,,,,,,,,,,,,,,,,,,,,,
,,,,,,,,,,,,,,,,,,,,,,,,,
,,,,,,,,,,,,,,,,,,,,,,,,,
,,,,,,,,,,,,,,,,,,,,,,,,,
,,,,,,,,,,,,,,,,,,,,,,,,,
,,,,,,,,,,,,,,,,,,,,,,,,,
,,,,,,,,,,,,,,,,,,,,,,,,,
,,,,,,,,,,,,,,,,,,,,,,,,,
,,,,,,,,,,,,,,,,,,,,,,,,,
,,,,,,,,,,,,,,,,,,,,,,,,,
,,,,,,,,,,,,,,,,,,,,,,,,,
,,,,,,,,,,,,,,,,,,,,,,,,,
,,,,,,,,,,,,,,,,,,,,,,,,,
,,,,,,,,,,,,,,,,,,,,,,,,,
,,,,,,,,,,,,,,,,,,,,,,,,,
,,,,,,,,,,,,,,,,,,,,,,,,,
,,,,,,,,,,,,,,,,,,,,,,,,,
,,,,,,,,,,,,,,,,,,,,,,,,,
,,,,,,,,,,,,,,,,,,,,,,,,,
,,,,,,,,,,,,,,,,,,,,,,,,,
,,,,,,,,,,,,,,,,,,,,,,,,,
,,,,,,,,,,,,,,,,,,,,,,,,,
,,,,,,,,,,,,,,,,,,,,,,,,,
,,,,,,,,,,,,,,,,,,,,,,,,,
,,,,,,,,,,,,,,,,,,,,,,,,,
,,,,,,,,,,,,,,,,,,,,,,,,,
,,,,,,,,,,,,,,,,,,,,,,,,,
,,,,,,,,,,,,,,,,,,,,,,,,,
,,,,,,,,,,,,,,,,,,,,,,,,,
,,,,,,,,,,,,,,,,,,,,,,,,,
,,,,,,,,,,,,,,,,,,,,,,,,,
,,,,,,,,,,,,,,,,,,,,,,,,,
,,,,,,,,,,,,,,,,,,,,,,,,,
,,,,,,,,,,,,,,,,,,,,,,,,,
,,,,,,,,,,,,,,,,,,,,,,,,,
,,,,,,,,,,,,,,,,,,,,,,,,,
,,,,,,,,,,,,,,,,,,,,,,,,,
,,,,,,,,,,,,,,,,,,,,,,,,,
,,,,,,,,,,,,,,,,,,,,,,,,,
,,,,,,,,,,,,,,,,,,,,,,,,,
,,,,,,,,,,,,,,,,,,,,,,,,,
,,,,,,,,,,,,,,,,,,,,,,,,,
,,,,,,,,,,,,,,,,,,,,,,,,,
,,,,,,,,,,,,,,,,,,,,,,,,,
,,,,,,,,,,,,,,,,,,,,,,,,,
,,,,,,,,,,,,,,,,,,,,,,,,,
,,,,,,,,,,,,,,,,,,,,,,,,,
,,,,,,,,,,,,,,,,,,,,,,,,,
,,,,,,,,,,,,,,,,,,,,,,,,,
,,,,,,,,,,,,,,,,,,,,,,,,,
,,,,,,,,,,,,,,,,,,,,,,,,,
,,,,,,,,,,,,,,,,,,,,,,,,,
,,,,,,,,,,,,,,,,,,,,,,,,,
,,,,,,,,,,,,,,,,,,,,,,,,,
,,,,,,,,,,,,,,,,,,,,,,,,,
,,,,,,,,,,,,,,,,,,,,,,,,,
,,,,,,,,,,,,,,,,,,,,,,,,,
,,,,,,,,,,,,,,,,,,,,,,,,,
,,,,,,,,,,,,,,,,,,,,,,,,,
,,,,,,,,,,,,,,,,,,,,,,,,,
,,,,,,,,,,,,,,,,,,,,,,,,,
,,,,,,,,,,,,,,,,,,,,,,,,,
,,,,,,,,,,,,,,,,,,,,,,,,,
,,,,,,,,,,,,,,,,,,,,,,,,,
,,,,,,,,,,,,,,,,,,,,,,,,,
,,,,,,,,,,,,,,,,,,,,,,,,,
,,,,,,,,,,,,,,,,,,,,,,,,,
,,,,,,,,,,,,,,,,,,,,,,,,,
,,,,,,,,,,,,,,,,,,,,,,,,,
,,,,,,,,,,,,,,,,,,,,,,,,,
,,,,,,,,,,,,,,,,,,,,,,,,,
,,,,,,,,,,,,,,,,,,,,,,,,,
,,,,,,,,,,,,,,,,,,,,,,,,,
,,,,,,,,,,,,,,,,,,,,,,,,,
,,,,,,,,,,,,,,,,,,,,,,,,,
,,,,,,,,,,,,,,,,,,,,,,,,,
,,,,,,,,,,,,,,,,,,,,,,,,,
,,,,,,,,,,,,,,,,,,,,,,,,,
,,,,,,,,,,,,,,,,,,,,,,,,,
,,,,,,,,,,,,,,,,,,,,,,,,,
,,,,,,,,,,,,,,,,,,,,,,,,,
,,,,,,,,,,,,,,,,,,,,,,,,,
,,,,,,,,,,,,,,,,,,,,,,,,,
,,,,,,,,,,,,,,,,,,,,,,,,,
,,,,,,,,,,,,,,,,,,,,,,,,,
,,,,,,,,,,,,,,,,,,,,,,,,,
,,,,,,,,,,,,,,,,,,,,,,,,,
,,,,,,,,,,,,,,,,,,,,,,,,,
,,,,,,,,,,,,,,,,,,,,,,,,,
,,,,,,,,,,,,,,,,,,,,,,,,,
,,,,,,,,,,,,,,,,,,,,,,,,,
,,,,,,,,,,,,,,,,,,,,,,,,,
,,,,,,,,,,,,,,,,,,,,,,,,,
,,,,,,,,,,,,,,,,,,,,,,,,,
,,,,,,,,,,,,,,,,,,,,,,,,,
,,,,,,,,,,,,,,,,,,,,,,,,,
,,,,,,,,,,,,,,,,,,,,,,,,,
,,,,,,,,,,,,,,,,,,,,,,,,,
,,,,,,,,,,,,,,,,,,,,,,,,,
,,,,,,,,,,,,,,,,,,,,,,,,,
,,,,,,,,,,,,,,,,,,,,,,,,,
,,,,,,,,,,,,,,,,,,,,,,,,,
,,,,,,,,,,,,,,,,,,,,,,,,,
,,,,,,,,,,,,,,,,,,,,,,,,,
,,,,,,,,,,,,,,,,,,,,,,,,,
,,,,,,,,,,,,,,,,,,,,,,,,,
,,,,,,,,,,,,,,,,,,,,,,,,,
,,,,,,,,,,,,,,,,,,,,,,,,,
,,,,,,,,,,,,,,,,,,,,,,,,,
,,,,,,,,,,,,,,,,,,,,,,,,,
,,,,,,,,,,,,,,,,,,,,,,,,,
,,,,,,,,,,,,,,,,,,,,,,,,,
,,,,,,,,,,,,,,,,,,,,,,,,,
,,,,,,,,,,,,,,,,,,,,,,,,,
,,,,,,,,,,,,,,,,,,,,,,,,,
,,,,,,,,,,,,,,,,,,,,,,,,,
,,,,,,,,,,,,,,,,,,,,,,,,,
,,,,,,,,,,,,,,,,,,,,,,,,,
,,,,,,,,,,,,,,,,,,,,,,,,,
,,,,,,,,,,,,,,,,,,,,,,,,,
,,,,,,,,,,,,,,,,,,,,,,,,,
,,,,,,,,,,,,,,,,,,,,,,,,,
,,,,,,,,,,,,,,,,,,,,,,,,,
,,,,,,,,,,,,,,,,,,,,,,,,,
,,,,,,,,,,,,,,,,,,,,,,,,,
,,,,,,,,,,,,,,,,,,,,,,,,,
,,,,,,,,,,,,,,,,,,,,,,,,,
,,,,,,,,,,,,,,,,,,,,,,,,,
,,,,,,,,,,,,,,,,,,,,,,,,,
,,,,,,,,,,,,,,,,,,,,,,,,,
,,,,,,,,,,,,,,,,,,,,,,,,,
,,,,,,,,,,,,,,,,,,,,,,,,,
,,,,,,,,,,,,,,,,,,,,,,,,,
,,,,,,,,,,,,,,,,,,,,,,,,,
,,,,,,,,,,,,,,,,,,,,,,,,,
,,,,,,,,,,,,,,,,,,,,,,,,,
,,,,,,,,,,,,,,,,,,,,,,,,,
,,,,,,,,,,,,,,,,,,,,,,,,,
,,,,,,,,,,,,,,,,,,,,,,,,,
,,,,,,,,,,,,,,,,,,,,,,,,,
,,,,,,,,,,,,,,,,,,,,,,,,,
,,,,,,,,,,,,,,,,,,,,,,,,,
,,,,,,,,,,,,,,,,,,,,,,,,,
,,,,,,,,,,,,,,,,,,,,,,,,,
,,,,,,,,,,,,,,,,,,,,,,,,,
,,,,,,,,,,,,,,,,,,,,,,,,,
,,,,,,,,,,,,,,,,,,,,,,,,,
,,,,,,,,,,,,,,,,,,,,,,,,,
,,,,,,,,,,,,,,,,,,,,,,,,,
,,,,,,,,,,,,,,,,,,,,,,,,,
,,,,,,,,,,,,,,,,,,,,,,,,,
,,,,,,,,,,,,,,,,,,,,,,,,,
,,,,,,,,,,,,,,,,,,,,,,,,,
,,,,,,,,,,,,,,,,,,,,,,,,,
,,,,,,,,,,,,,,,,,,,,,,,,,
,,,,,,,,,,,,,,,,,,,,,,,,,
,,,,,,,,,,,,,,,,,,,,,,,,,
,,,,,,,,,,,,,,,,,,,,,,,,,
,,,,,,,,,,,,,,,,,,,,,,,,,
,,,,,,,,,,,,,,,,,,,,,,,,,
,,,,,,,,,,,,,,,,,,,,,,,,,
,,,,,,,,,,,,,,,,,,,,,,,,,
,,,,,,,,,,,,,,,,,,,,,,,,,
,,,,,,,,,,,,,,,,,,,,,,,,,
,,,,,,,,,,,,,,,,,,,,,,,,,
,,,,,,,,,,,,,,,,,,,,,,,,,
,,,,,,,,,,,,,,,,,,,,,,,,,
,,,,,,,,,,,,,,,,,,,,,,,,,
,,,,,,,,,,,,,,,,,,,,,,,,,
,,,,,,,,,,,,,,,,,,,,,,,,,
,,,,,,,,,,,,,,,,,,,,,,,,,
,,,,,,,,,,,,,,,,,,,,,,,,,
,,,,,,,,,,,,,,,,,,,,,,,,,
,,,,,,,,,,,,,,,,,,,,,,,,,
,,,,,,,,,,,,,,,,,,,,,,,,,
,,,,,,,,,,,,,,,,,,,,,,,,,
,,,,,,,,,,,,,,,,,,,,,,,,,
,,,,,,,,,,,,,,,,,,,,,,,,,
,,,,,,,,,,,,,,,,,,,,,,,,,
,,,,,,,,,,,,,,,,,,,,,,,,,
,,,,,,,,,,,,,,,,,,,,,,,,,
,,,,,,,,,,,,,,,,,,,,,,,,,
,,,,,,,,,,,,,,,,,,,,,,,,,
,,,,,,,,,,,,,,,,,,,,,,,,,
,,,,,,,,,,,,,,,,,,,,,,,,,
,,,,,,,,,,,,,,,,,,,,,,,,,
,,,,,,,,,,,,,,,,,,,,,,,,,
,,,,,,,,,,,,,,,,,,,,,,,,,
,,,,,,,,,,,,,,,,,,,,,,,,,
,,,,,,,,,,,,,,,,,,,,,,,,,
,,,,,,,,,,,,,,,,,,,,,,,,,
,,,,,,,,,,,,,,,,,,,,,,,,,
,,,,,,,,,,,,,,,,,,,,,,,,,
,,,,,,,,,,,,,,,,,,,,,,,,,
,,,,,,,,,,,,,,,,,,,,,,,,,
,,,,,,,,,,,,,,,,,,,,,,,,,
,,,,,,,,,,,,,,,,,,,,,,,,,
,,,,,,,,,,,,,,,,,,,,,,,,,
,,,,,,,,,,,,,,,,,,,,,,,,,
,,,,,,,,,,,,,,,,,,,,,,,,,
,,,,,,,,,,,,,,,,,,,,,,,,,
,,,,,,,,,,,,,,,,,,,,,,,,,
,,,,,,,,,,,,,,,,,,,,,,,,,
,,,,,,,,,,,,,,,,,,,,,,,,,
,,,,,,,,,,,,,,,,,,,,,,,,,
,,,,,,,,,,,,,,,,,,,,,,,,,
,,,,,,,,,,,,,,,,,,,,,,,,,
,,,,,,,,,,,,,,,,,,,,,,,,,
,,,,,,,,,,,,,,,,,,,,,,,,,
,,,,,,,,,,,,,,,,,,,,,,,,,
,,,,,,,,,,,,,,,,,,,,,,,,,
,,,,,,,,,,,,,,,,,,,,,,,,,
,,,,,,,,,,,,,,,,,,,,,,,,,
,,,,,,,,,,,,,,,,,,,,,,,,,
,,,,,,,,,,,,,,,,,,,,,,,,,
,,,,,,,,,,,,,,,,,,,,,,,,,
,,,,,,,,,,,,,,,,,,,,,,,,,
,,,,,,,,,,,,,,,,,,,,,,,,,
,,,,,,,,,,,,,,,,,,,,,,,,,
,,,,,,,,,,,,,,,,,,,,,,,,,
,,,,,,,,,,,,,,,,,,,,,,,,,
,,,,,,,,,,,,,,,,,,,,,,,,,
,,,,,,,,,,,,,,,,,,,,,,,,,
,,,,,,,,,,,,,,,,,,,,,,,,,
,,,,,,,,,,,,,,,,,,,,,,,,,
,,,,,,,,,,,,,,,,,,,,,,,,,
,,,,,,,,,,,,,,,,,,,,,,,,,
,,,,,,,,,,,,,,,,,,,,,,,,,
,,,,,,,,,,,,,,,,,,,,,,,,,
,,,,,,,,,,,,,,,,,,,,,,,,,
,,,,,,,,,,,,,,,,,,,,,,,,,
,,,,,,,,,,,,,,,,,,,,,,,,,
,,,,,,,,,,,,,,,,,,,,,,,,,
,,,,,,,,,,,,,,,,,,,,,,,,,
,,,,,,,,,,,,,,,,,,,,,,,,,
,,,,,,,,,,,,,,,,,,,,,,,,,
,,,,,,,,,,,,,,,,,,,,,,,,,
,,,,,,,,,,,,,,,,,,,,,,,,,
,,,,,,,,,,,,,,,,,,,,,,,,,
,,,,,,,,,,,,,,,,,,,,,,,,,
,,,,,,,,,,,,,,,,,,,,,,,,,
,,,,,,,,,,,,,,,,,,,,,,,,,
,,,,,,,,,,,,,,,,,,,,,,,,,
,,,,,,,,,,,,,,,,,,,,,,,,,
,,,,,,,,,,,,,,,,,,,,,,,,,
,,,,,,,,,,,,,,,,,,,,,,,,,
,,,,,,,,,,,,,,,,,,,,,,,,,
,,,,,,,,,,,,,,,,,,,,,,,,,
,,,,,,,,,,,,,,,,,,,,,,,,,
,,,,,,,,,,,,,,,,,,,,,,,,,
,,,,,,,,,,,,,,,,,,,,,,,,,
,,,,,,,,,,,,,,,,,,,,,,,,,
,,,,,,,,,,,,,,,,,,,,,,,,,
,,,,,,,,,,,,,,,,,,,,,,,,,
,,,,,,,,,,,,,,,,,,,,,,,,,
,,,,,,,,,,,,,,,,,,,,,,,,,
,,,,,,,,,,,,,,,,,,,,,,,,,
,,,,,,,,,,,,,,,,,,,,,,,,,
,,,,,,,,,,,,,,,,,,,,,,,,,
,,,,,,,,,,,,,,,,,,,,,,,,,
,,,,,,,,,,,,,,,,,,,,,,,,,
,,,,,,,,,,,,,,,,,,,,,,,,,
,,,,,,,,,,,,,,,,,,,,,,,,,
,,,,,,,,,,,,,,,,,,,,,,,,,
,,,,,,,,,,,,,,,,,,,,,,,,,
,,,,,,,,,,,,,,,,,,,,,,,,,
,,,,,,,,,,,,,,,,,,,,,,,,,
,,,,,,,,,,,,,,,,,,,,,,,,,
,,,,,,,,,,,,,,,,,,,,,,,,,
,,,,,,,,,,,,,,,,,,,,,,,,,
,,,,,,,,,,,,,,,,,,,,,,,,,
,,,,,,,,,,,,,,,,,,,,,,,,,
,,,,,,,,,,,,,,,,,,,,,,,,,
,,,,,,,,,,,,,,,,,,,,,,,,,
,,,,,,,,,,,,,,,,,,,,,,,,,
,,,,,,,,,,,,,,,,,,,,,,,,,
,,,,,,,,,,,,,,,,,,,,,,,,,
,,,,,,,,,,,,,,,,,,,,,,,,,
,,,,,,,,,,,,,,,,,,,,,,,,,
,,,,,,,,,,,,,,,,,,,,,,,,,
,,,,,,,,,,,,,,,,,,,,,,,,,
,,,,,,,,,,,,,,,,,,,,,,,,,
,,,,,,,,,,,,,,,,,,,,,,,,,
,,,,,,,,,,,,,,,,,,,,,,,,,
,,,,,,,,,,,,,,,,,,,,,,,,,
,,,,,,,,,,,,,,,,,,,,,,,,,
,,,,,,,,,,,,,,,,,,,,,,,,,
,,,,,,,,,,,,,,,,,,,,,,,,,
,,,,,,,,,,,,,,,,,,,,,,,,,
,,,,,,,,,,,,,,,,,,,,,,,,,
,,,,,,,,,,,,,,,,,,,,,,,,,
,,,,,,,,,,,,,,,,,,,,,,,,,
,,,,,,,,,,,,,,,,,,,,,,,,,
,,,,,,,,,,,,,,,,,,,,,,,,,
,,,,,,,,,,,,,,,,,,,,,,,,,
,,,,,,,,,,,,,,,,,,,,,,,,,
,,,,,,,,,,,,,,,,,,,,,,,,,
,,,,,,,,,,,,,,,,,,,,,,,,,
,,,,,,,,,,,,,,,,,,,,,,,,,
,,,,,,,,,,,,,,,,,,,,,,,,,
,,,,,,,,,,,,,,,,,,,,,,,,,
,,,,,,,,,,,,,,,,,,,,,,,,,
,,,,,,,,,,,,,,,,,,,,,,,,,
,,,,,,,,,,,,,,,,,,,,,,,,,
,,,,,,,,,,,,,,,,,,,,,,,,,
,,,,,,,,,,,,,,,,,,,,,,,,,
,,,,,,,,,,,,,,,,,,,,,,,,,
,,,,,,,,,,,,,,,,,,,,,,,,,
,,,,,,,,,,,,,,,,,,,,,,,,,
,,,,,,,,,,,,,,,,,,,,,,,,,
,,,,,,,,,,,,,,,,,,,,,,,,,
,,,,,,,,,,,,,,,,,,,,,,,,,
,,,,,,,,,,,,,,,,,,,,,,,,,
,,,,,,,,,,,,,,,,,,,,,,,,,
,,,,,,,,,,,,,,,,,,,,,,,,,
,,,,,,,,,,,,,,,,,,,,,,,,,
,,,,,,,,,,,,,,,,,,,,,,,,,
,,,,,,,,,,,,,,,,,,,,,,,,,
,,,,,,,,,,,,,,,,,,,,,,,,,
,,,,,,,,,,,,,,,,,,,,,,,,,
,,,,,,,,,,,,,,,,,,,,,,,,,
,,,,,,,,,,,,,,,,,,,,,,,,,
,,,,,,,,,,,,,,,,,,,,,,,,,
,,,,,,,,,,,,,,,,,,,,,,,,,
,,,,,,,,,,,,,,,,,,,,,,,,,
,,,,,,,,,,,,,,,,,,,,,,,,,
,,,,,,,,,,,,,,,,,,,,,,,,,
,,,,,,,,,,,,,,,,,,,,,,,,,
,,,,,,,,,,,,,,,,,,,,,,,,,
,,,,,,,,,,,,,,,,,,,,,,,,,
,,,,,,,,,,,,,,,,,,,,,,,,,
,,,,,,,,,,,,,,,,,,,,,,,,,
,,,,,,,,,,,,,,,,,,,,,,,,,
,,,,,,,,,,,,,,,,,,,,,,,,,
,,,,,,,,,,,,,,,,,,,,,,,,,
,,,,,,,,,,,,,,,,,,,,,,,,,
,,,,,,,,,,,,,,,,,,,,,,,,,
,,,,,,,,,,,,,,,,,,,,,,,,,
,,,,,,,,,,,,,,,,,,,,,,,,,
,,,,,,,,,,,,,,,,,,,,,,,,,
,,,,,,,,,,,,,,,,,,,,,,,,,
,,,,,,,,,,,,,,,,,,,,,,,,,
,,,,,,,,,,,,,,,,,,,,,,,,,
,,,,,,,,,,,,,,,,,,,,,,,,,
,,,,,,,,,,,,,,,,,,,,,,,,,
,,,,,,,,,,,,,,,,,,,,,,,,,
,,,,,,,,,,,,,,,,,,,,,,,,,
